id,value,team
615,Kent Shelby,LAC
1038,Leon Johnson,LAC
1533,Chase Cota,HOU
1807,Baltimore Ravens TDSP,BAL
1814,Atlanta Falcons TDSP,ATL
1821,Arizona Cardinals TDSP,ARZ
1828,Buffalo Bills TDSP,BUF
1835,Carolina Panthers TDSP,CAR
1842,Chicago Bears TDSP,CHI
1849,Cincinnati Bengals TDSP,CIN
1856,Dallas Cowboys TDSP,DAL
1863,Denver Broncos TDSP,DEN
1870,Detroit Lions TDSP,DET
1877,Green Bay Packers TDSP,GB
1884,Tennessee Titans TDSP,TEN
1891,Indianapolis Colts TDSP,IND
1898,Jacksonville Jaguars TDSP,JAX
1905,Kansas City Chiefs TDSP,KC
1912,Miami Dolphins TDSP,MIA
1919,Minnesota Vikings TDSP,MIN
1926,New England Patriots TDSP,NE
1933,New Orleans Saints TDSP,NO
1940,New York (NYG) Giants TDSP,NYG
1947,New York (NYJ) Jets TDSP,NYJ
1954,Las Vegas Raiders TDSP,LV
1961,Philadelphia Eagles TDSP,PHI
1968,Pittsburgh Steelers TDSP,PIT
1975,Los Angeles (LAC) Chargers TDSP,LAC
1982,San Francisco 49ers TDSP,SF
1989,Seattle Seahawks TDSP,SEA
1996,Los Angeles (LAR) Rams TDSP,LA
2003,Tampa Bay Buccaneers TDSP,TB
2010,Washington Commanders TDSP,WAS
2175,Jamaal Williams,NO
2871,Cleveland Browns TDSP,CLE
2956,Arizona Cardinals TK,ARZ
2957,Atlanta Falcons TK,ATL
2958,Baltimore Ravens TK,BAL
2959,Buffalo Bills TK,BUF
2960,Carolina Panthers TK,CAR
2961,Chicago Bears TK,CHI
2962,Cincinnati Bengals TK,CIN
2963,Cleveland Browns TK,CLE
2964,Dallas Cowboys TK,DAL
2965,Denver Broncos TK,DEN
2966,Detroit Lions TK,DET
2967,Green Bay Packers TK,GB
2968,Indianapolis Colts TK,IND
2969,Jacksonville Jaguars TK,JAX
2970,Kansas City Chiefs TK,KC
2971,Miami Dolphins TK,MIA
2972,Minnesota Vikings TK,MIN
2973,New England Patriots TK,NE
2974,New Orleans Saints TK,NO
2975,New York (NYJ) Jets TK,NYJ
2976,New York (NYG) Giants TK,NYG
2977,Las Vegas Raiders TK,LV
2978,Philadelphia Eagles TK,PHI
2979,Pittsburgh Steelers TK,PIT
2980,Los Angeles (LAC) Chargers TK,LAC
2981,San Francisco 49ers TK,SF
2982,Seattle Seahawks TK,SEA
2983,Los Angeles (LAR) Rams TK,LA
2984,Tampa Bay Buccaneers TK,TB
2985,Tennessee Titans TK,TEN
2986,Washington Commanders TK,WAS
3055,Chris Watson,FA
3477,Tom Brady,TB
4343,Houston Texans TDSP,HOU
4345,Houston Texans TK,HOU
4590,Matt Bryant,ATL
4990,Ben Johnson,LAC
5264,Larry Fitzgerald,ARZ
5266,Philip Rivers,IND
5273,Ben Roethlisberger,PIT
5712,Aaron Rodgers,PIT
5717,Mike Nugent,ARZ
5930,Matt Cassel,DET
5950,Ryan Fitzpatrick,WAS
5967,Adrian Peterson,SEA
6034,Nick Novak,LAC
6046,Robbie Gould,SF
6070,Jay Cutler,MIA
6072,Marcedes Lewis,DEN
6078,Kellen Clemens,LAC
6080,Anthony Fasano,MIA
6118,Delanie Walker,TEN
6140,Stephen Gostkowski,TEN
6576,Chad Henne,KC
6578,Drew Stanton,TB
6619,Nick Folk,ATL
6620,Mason Crosby,NYG
6705,Matt Prater,BUF
6709,DeSean Jackson,BAL
6710,Matt Ryan,IND
6725,C.J. Spiller,KC
6733,Pierre Thomas,WAS
6751,John Kuhn,NO
6796,Matt Moore,KC
7074,Eric Weems,TEN
7090,Joe Flacco,CIN
7159,Chris Johnson,ARZ
7163,Josh Johnson,CIN
7249,Gary Barnidge,CLE
7267,Matthew Slater,NE
7294,Pierre Garcon,SF
7359,Harry Douglas,TEN
7489,Dan Carpenter,BUF
7494,Danny Amendola,HOU
7501,Mike Tolbert,BUF
7502,Connor Barth,CHI
7673,Michael Crabtree,ARZ
7674,Kenny Britt,NE
7680,Jared Cook,LAC
7697,Matthew Stafford,LA
7707,Darrius Heyward-Bey,PIT
7745,Brandon Tate,NO
7747,Louis Murphy,SF
7766,Cedric Peerman,CIN
7824,Mike Wallace,PHI
8495,John Phillips,KC
8534,Fred Brown,TEN
8538,Ryan Succop,TB
8547,Graham Gano,NYG
8605,Brian Hoyer,LV
8639,Chase Daniel,LAC
8832,Sam Bradford,ARZ
8836,Dez Bryant,BAL
8837,Jermaine Gresham,ARZ
8844,Colt McCoy,ARZ
8873,Ryan Mathews,PHI
8900,Golden Tate,TEN
8901,Arrelious Benn,JAX
8924,Rob Gronkowski,TB
8927,Ed Dickson,SEA
8932,Michael Hoomanawanui,NO
9089,Joe Webb,NYG
9091,Emmanuel Sanders,BUF
9237,Demaryius Thomas,NYJ
9263,Brandon LaFell,LV
9269,Andre Roberts,CAR
9276,Jimmy Graham,NO
9299,Clay Harbor,NO
9361,James Starks,GB
9364,Antonio Brown,TB
9455,Joique Bell,DET
9506,Jeff Cumberland,LAC
9600,Chris Ivory,BUF
9781,Logan Paulsen,HOU
9961,Cam Newton,CAR
9963,A.J. Green,ARZ
9966,Julio Jones,PHI
9970,Blaine Gabbert,KC
9987,Mark Ingram,NO
9994,Andy Dalton,PHI
10000,Colin Kaepernick,SF
10006,Kyle Rudolph,TB
10009,Lance Kendricks,LAC
10014,Shane Vereen,NO
10021,Greg Little,ARZ
10025,Randall Cobb,NYJ
10035,Ryan Mallett,BAL
10036,Stevan Ridley,PIT
10071,Luke Stocker,MIN
10084,Julius Thomas,FA
10086,Taiwan Jones,NYG
10087,Bilal Powell,NYJ
10103,Jacquizz Rodgers,NO
10111,T.J. Yates,HOU
10115,Lee Smith,ATL
10116,Jeremy Kerley,BUF
10125,Dwayne Harris,CHI
10129,Charles Clay,ARZ
10136,Jordan Todman,HOU
10139,Aldrick Robinson,CAR
10144,Tyrod Taylor,GB
10161,Virgil Green,LAC
10173,Bruce Miller,JAX
10293,Dontrelle Inman,WAS
10344,Scott Tolzien,IND
10350,Chris Hogan,NO
10404,Andre Holmes,DEN
10549,Kamar Aiken,PHI
10588,Brandon Smith,PIT
10594,Dan Bailey,MIN
10761,Chris Matthews,BAL
10815,Kai Forbath,LA
10848,Terrelle Pryor,JAX
10884,Ryan Tannehill,TEN
10888,Michael Floyd,BAL
10893,Kendall Wright,ARZ
10895,Brandon Weeden,HOU
10905,Doug Martin,LV
10907,Coby Fleener,FA
10908,Brian Quick,WAS
10916,Alshon Jeffery,PHI
10940,Dwayne Allen,MIA
10946,DeVier Posey,BAL
10951,Russell Wilson,NYG
10954,Mohamed Sanu,MIA
10963,Nick Foles,IND
10967,T.Y. Hilton,DAL
10971,Travis Benjamin,SF
10973,Lamar Miller,NO
10974,Kirk Cousins,LV
10983,Robert Turbin,SEA
10986,Orson Charles,DEN
10989,Jarius Wright,CAR
11035,Randy Bullock,NYG
11038,Marvin Jones,DET
11043,Greg Zuerlein,NYJ
11044,Blair Walsh,NO
11047,Alfred Morris,NYG
11126,Ladarius Green,PIT
11133,Brittan Golden,NYG
11155,Sean McGrath,DET
11193,Travaris Cadet,CAR
11215,Bradley Sowell,CHI
11223,Cole Beasley,NYG
11227,Lance Dunbar,LA
11251,Brenton Bersin,CAR
11270,Josh Bellamy,NYJ
11380,Griff Whalen,LV
11426,Giorgio Tavecchio,TEN
11460,Derrick Coleman,ARZ
11477,Matt Simms,ATL
11505,Austin Davis,TEN
11555,Brandon Bolden,LV
11576,Derek Carrier,LV
11594,Rod Streater,CLE
11613,Bobby Rainey,BAL
11614,Deonte Thompson,NYJ
11647,Jonathan Grimes,JAX
11651,Case Keenum,CHI
11660,Phillip Supernaw,TEN
11696,Justin Tucker,BAL
11697,Jamize Olawale,DAL
11724,Josh Gordon,TEN
11757,Fozzy Whittaker,CAR
11758,Austin Johnson,TB
11769,Darren Fells,TB
11771,Ifeanyi Momah,ARZ
11787,Tavon Austin,BUF
11801,Tyler Eifert,JAX
11806,DeAndre Hopkins,BAL
11808,Cordarrelle Patterson,PIT
11813,Giovani Bernard,TB
11815,Justin Hunter,PIT
11816,Zach Ertz,WAS
11817,Robert Woods,PIT
11818,Geno Smith,NYJ
11822,Gavin Escobar,MIA
11825,Le'Veon Bell,TB
11841,Eddie Lacy,SEA
11842,Travis Kelce,KC
11844,Christine Michael,IND
11852,Mike Glennon,MIA
11853,Marquise Goodwin,CLE
11854,Terrance Williams,DAL
11857,Keenan Allen,IND
11864,Markus Wheaton,PHI
11875,Knile Davis,CHI
11877,Matt Barkley,JAX
11898,Landry Jones,LV
11907,Levine Toilolo,NYG
11911,Kyle Juszczyk,SF
11922,Kenny Stills,NO
11933,Chris Thompson,CHI
11937,Tavarres King,MIN
11946,Mike Gillislee,NO
11947,Caleb Sturgis,LAC
11950,Dustin Hopkins,CLE
11957,Latavius Murray,BUF
11958,Mychal Rivera,JAX
11963,Kenjon Barner,TB
11965,Rex Burkhead,HOU
11967,Andre Ellington,TB
11969,Mike James,DET
11971,Cobi Hamilton,IND
11976,Spencer Ware,CHI
11987,Brice Butler,MIA
11990,Tommy Bohanon,BAL
11993,Chris Gragg,NYJ
11996,Charles Johnson,PHI
12007,Kerwynn Williams,NO
12013,Marquess Wilson,PHI
12032,C.J. Anderson,DET
12101,Ryan Griffin,TB
12202,Tim Wright,KC
12207,Russell Shepard,NYG
12226,Jaron Brown,ARZ
12253,Brandon Williams,IND
12271,Brandon McManus,GB
12318,Benny Cunningham,JAX
12321,Tyler Bray,SF
12325,Demetrius Harris,ARZ
12351,Nick Williams,DEN
12371,MarQueis Gray,SF
12426,Adam Thielen,PIT
12449,Jack Doyle,IND
12455,Rashad Ross,CAR
12461,Ryan Griffin,CHI
12463,George Winn,IND
12520,Brett Maher,LA
12572,Marlon Brown,CHI
12577,Matt McGloin,KC
12653,Patrick Murray,TB
12679,Blake Bortles,NO
12681,Sammy Watkins,BAL
12684,Eric Ebron,PIT
12686,Mike Evans,SF
12688,Odell Beckham Jr.,NYG
12697,Brandin Cooks,BUF
12707,Kelvin Benjamin,NYG
12708,Teddy Bridgewater,DET
12712,Derek Carr,NO
12715,Austin Seferian-Jenkins,NE
12716,Marqise Lee,SF
12720,Jordan Matthews,CAR
12721,Jace Amaro,KC
12724,Paul Richardson,SEA
12728,Jeremy Hill,LV
12729,Davante Adams,LA
12731,Troy Niklas,TB
12732,Cody Latimer,WAS
12735,Carlos Hyde,JAX
12737,Jarvis Landry,NO
12738,Jimmy Garoppolo,LA
12740,Allen Robinson,DET
12744,Charles Sims,TB
12763,Donte Moncrief,HOU
12765,Josh Huff,NO
12766,John Brown,BUF
12769,Terrance West,NO
12771,Richard Rodgers,LAC
12772,Jerick McKinnon,KC
12775,Crockett Gillmore,BAL
12778,Devonta Freeman,BAL
12781,Bruce Ellington,NE
12788,Andre Williams,LAC
12795,Logan Thomas,SF
12796,Martavis Bryant,WAS
12799,De'Anthony Thomas,BAL
12805,James White,NE
12817,Tom Savage,DET
12823,Ryan Grant,GB
12841,AJ McCarron,CIN
12855,David Fales,NYJ
12863,Alfred Blue,JAX
12865,TJ Jones,NYG
12868,Matt Hazel,IND
12875,Walter Powell,JAX
12881,Quincy Enunwa,NYJ
12884,Tyler Gaffney,NE
12887,Garrett Gilbert,NE
12893,Jay Prosch,HOU
12902,Michael Campanaro,TEN
12909,Zach Hocker,TB
12911,James Wright,IND
12913,Jeff Janis,CLE
12936,Trey Burton,IND
12937,David Fluellen,TEN
12968,Kapri Bibbs,GB
12969,Isaiah Burse,LAC
12973,Bennie Fowler,SF
13021,Allen Hurns,MIA
13025,Stephen Morris,HOU
13044,Dom Williams,PHI
13055,Cody Parkey,NO
13059,Erik Swoope,SF
13065,Brandon Coleman,NO
13070,Je'Ron Hamm,IND
13072,Seantavius Jones,IND
13091,Corey Brown,DEN
13094,Marcus Lucas,DAL
13099,Travis Coons,LAC
13120,Jeremy Butler,BUF
13158,Ryan Hewitt,TEN
13168,Isaiah Crowell,LV
13175,Willie Snead,MIA
13180,Charcandrick West,IND
13181,Albert Wilson,LV
13204,Freddie Martino,TB
13209,Bernard Reedy,TB
13284,Keith Smith,ATL
13290,Asante Cleveland,LAC
13306,Ryan Jones,NYG
13309,Orleans Darkwa,NYG
13327,Xavier Grimble,BAL
13328,George Atkinson,NYJ
13331,Chris Boswell,PIT
13335,Anthony Denham,PHI
13357,Seth Roberts,GB
13358,Scott Simonson,NYG
13366,Senorise Perry,TEN
13370,Cairo Santos,CHI
13410,Cameron Brate,TB
13415,Branden Oliver,IND
13419,Diontae Spencer,NYJ
13426,Fitzgerald Toussaint,PIT
13442,Sergio Castillo,NYJ
13489,Jerome Cunningham,WAS
13501,Chris Manhertz,NYG
13518,Jason Myers,SEA
13529,Jameis Winston,NYG
13530,Marcus Mariota,WAS
13532,Amari Cooper,LV
13536,Kevin White,NO
13539,Todd Gurley,ATL
13541,DeVante Parker,PHI
13543,Melvin Gordon,BAL
13549,Nelson Agholor,BAL
13556,Phillip Dorsett II,LV
13557,Breshad Perriman,IND
13564,T.J. Yeldon,BUF
13570,Devin Funchess,DET
13578,Jake Fisher,BUF
13582,Ameer Abdullah,JAX
13586,Maxx Williams,ARZ
13595,Clive Walford,MIA
13596,Tyler Lockett,LV
13598,Jaelen Strong,CLE
13599,Tevin Coleman,SF
13602,Garrett Grayson,DEN
13605,Duke Johnson,BUF
13607,Chris Conley,SF
13610,Tyler Kroft,MIA
13615,David Johnson,NO
13616,Sammie Coates,KC
13620,Jeff Heuerman,DEN
13621,Ty Montgomery,NE
13625,Matt Jones,PHI
13629,Justin Hardy,CHI
13630,Jeremy Langford,ATL
13632,Bryce Petty,MIA
13633,Jamison Crowder,WAS
13638,Jalston Fowler,TEN
13645,Vince Mayle,LAC
13650,Blake Bell,KC
13655,Mike Davis,BAL
13658,Javorius Allen,NYG
13665,DeAndre Smelter,JAX
13667,Rashad Greene,JAX
13671,Stefon Diggs,WAS
13672,MyCole Pruitt,PIT
13675,Brett Hundley,BAL
13682,C.J. Uzomah,PHI
13692,J.J. Nelson,IND
13693,Jesse James,LV
13695,Kenny Bell,DEN
13696,Michael Burton,CLE
13699,James O'Shaughnessy,MIN
13701,Cameron Artis-Payne,CAR
13703,Nick Boyle,BAL
13710,Geremy Davis,DET
13711,Kaelin Clay,NYG
13715,Nick O'Leary,LV
13724,Malcolm Johnson,GB
13725,Randall Telfer,IND
13728,A.J. Derby,NO
13733,Aaron Ripkowski,KC
13738,Darren Waller,CAR
13756,Ben Koyack,JAX
13757,Neal Sterling,KC
13762,Marcus Murphy,CAR
13768,Geoff Swaim,CLE
13770,Tre McBride,JAX
13780,Trevor Siemian,ATL
13785,Rasheed Bailey,CAR
13794,Raheem Mostert,LV
13798,Eric Tomlinson,LAC
13809,Eli Rogers,PIT
13825,Josh Lambo,TEN
13828,Brian Parker,NO
13831,Tyrell Williams,DET
13844,Cameron Meredith,NE
13854,Thomas Rawls,JAX
13858,Rod Smith,CAR
13867,Jordan Taylor,MIN
13870,Damiere Byrd,BUF
13880,Quan Bray,HOU
13927,Rannell Hall,ATL
13933,Dres Anderson,DAL
13940,DeAndrew White,BAL
13953,Gannon Sinclair,PHI
13972,Terron Ward,ATL
13974,Shane Wynn,NO
13979,Taylor Heinicke,LAC
13980,Jordan Leslie,DEN
13987,Corey Grant,GB
14001,Ty Long,NYJ
14005,Trey Williams,DAL
14014,Akeem Hunt,TEN
14015,Matt LaCosse,NE
14027,Zach Zenner,MIA
14033,Khari Lee,DET
14049,Andrew Franks,MIA
14062,John Crockett,BAL
14070,Larry Pinkard,CLE
14081,Wes Saxton,WAS
14087,DeAndre Carter,CLE
14093,Terrence Magee,ATL
14104,Gabe Holmes,TEN
14114,Jake Kumerow,BUF
14115,Matt Lengel,IND
14136,Zach Laskey,LA
14141,Bradley Marquez,DET
14164,Lucky Whitehead,NYJ
14179,Darius Jennings,DET
14187,Will Tye,PHI
14203,Tim Semisch,DEN
14209,Donteea Dye,TB
14210,Adam Humphries,HOU
14224,Mack Brown,LV
14234,Manasseh Garner,KC
14241,Daniel Brown,NYJ
14291,Kasen Williams,IND
14317,Terrell Watson,LAC
14323,Bronson Hill,GB
14351,Ross Travis,DET
14352,Elijhaa Penny,NYG
14356,Hakeem Valles,NYG
14374,Austin Hooper,ATL
14375,Nick Rose,LAC
14381,J.D. McKissic,WAS
14387,Joshua Perkins,NYJ
14399,Brandon Wilds,SF
14404,Wil Lutz,DEN
14407,Bronson Kaufusi,GB
14408,Kenneth Dixon,NYJ
14410,Keenan Reynolds,SEA
14425,Chris Moore,BAL
14431,Cardale Jones,SEA
14434,Jonathan Williams,WAS
14436,Kolby Listenbee,IND
14448,Jalen Simmons,ARZ
14458,Jake McGee,PIT
14463,Beau Sandland,ARZ
14466,Daniel Braverman,ARZ
14474,Jordan Howard,NO
14477,Ben Braunecker,CHI
14493,Tra Carson,DET
14494,Jon Brown,JAX
14498,Tyler Boyd,TEN
14500,Cody Core,MIA
14508,Alex Erickson,HOU
14510,Alonzo Russell,NYG
14512,Rashard Higgins,CAR
14516,Cody Kessler,NE
14526,J.P. Holtz,NO
14530,Ricardo Louis,MIA
14531,Seth DeValve,ARZ
14532,Corey Coleman,KC
14540,Rico Gathers,CLE
14545,Ed Eagan,NYG
14552,Austin Traylor,DET
14553,Dak Prescott,DAL
14554,Ezekiel Elliott,LAC
14556,Andy Jones,NYG
14557,Darius Jackson,HOU
14564,Mose Frazier,CAR
14565,Paxton Lynch,PIT
14571,Devontae Booker,NYG
14572,Kalif Raymond,CHI
14577,Andy Janovich,HOU
14580,Henry Krieger-Coble,LA
14586,Bralon Addison,MIN
14590,Cole Wick,NO
14607,Dwayne Washington,DEN
14611,Jace Billingsley,NE
14618,Trevor Davis,ATL
14626,Geronimo Allison,ATL
14627,Joe Callahan,DET
14647,Ka'imi Fairbairn,HOU
14652,William Fuller,MIA
14654,Tyler Ervin,GB
14658,Tevin Jones,JAX
14659,Stephen Anderson,LAC
14661,Braxton Miller,CAR
14667,Chester Rogers,CLE
14671,Josh Ferguson,WAS
14672,Josh Woodrum,WAS
14679,Mekale McKay,DAL
14689,Tevaun Smith,JAX
14696,Brandon Allen,NYG
14708,Braedon Bowman,LAC
14712,Kevin Hogan,TEN
14714,Demarcus Robinson,SF
14725,Tyreek Hill,MIA
14727,Paul McRoberts,LA
14730,Sean Mannion,SEA
14731,Aaron Green,BUF
14732,Taylor Bertolet,LAC
14736,Pharoh Cooper,ARZ
14737,Nelson Spruce,LAC
14738,Duke Williams,BUF
14739,Malcolm Brown,LA
14743,Tyler Higbee,LA
14747,Temarrick Hemingway,WAS
14748,Jared Goff,DET
14749,Michael Thomas,NO
14754,Kenyan Drake,GB
14755,Jakeem Grant,ATL
14760,Brandon Shippen,TEN
14762,Brandon Doughty,ARZ
14763,Thomas Duarte,ATL
14764,Rashawn Scott,MIA
14769,Leonte Carroo,MIA
14773,Marshall Koehn,NYG
14776,David Morgan,MIN
14781,C.J. Ham,MIN
14783,Moritz Bohringer,CIN
14784,Laquon Treadwell,IND
14785,Jhurell Pressley,NYG
14789,Kyle Carter,BUF
14794,Marken Michel,WAS
14795,D.J. Foster,ARZ
14798,Bryce Williams,ARZ
14802,Jacoby Brissett,ARZ
14810,Malcolm Mitchell,NE
14811,Devin Lucien,NE
14815,Jake Lampman,NO
14819,Tommylee Lewis,MIA
14823,Jordan Williams-Lambert,CHI
14833,Daniel Lasco,NO
14841,Paul Perkins,IND
14846,K.J. Maye,NE
14847,Sterling Shepard,HOU
14854,Ryan Malleck,PIT
14855,Darius Powe,NYG
14856,Roger Lewis,IND
14857,Jerell Adams,TB
14862,Jalin Marshall,LV
14870,Ross Martin,CLE
14872,Robbie Chosen,WAS
14874,Lawrence Thomas,NYJ
14875,Charone Peake,JAX
14878,Johnny Holton,NYG
14887,Max McCaffrey,SF
14892,DeAndre Washington,MIA
14895,K.J. Brent,TB
14897,Connor Cook,DET
14898,Ryan O'Malley,NYG
14901,Jaydon Mickens,IND
14904,Jalen Richard,LV
14908,Byron Marshall,BAL
14910,Hunter Sharp,CIN
14911,Carson Wentz,MIN
14913,Paul Turner,NE
14917,Cayleb Jones,MIN
14920,Wendell Smallwood,WAS
14936,Demarcus Ayers,CHI
14937,Canaan Severin,NYG
14949,Kenneth Farrow,MIA
14966,Jamaal Jones,CAR
14968,Hunter Henry,NE
14970,Derek Watt,PIT
14979,Trevone Boykin,SEA
14980,Nick Vannett,SEA
14985,Tre Madden,SEA
14993,Tanner McEvoy,TEN
14994,C.J. Prosise,TB
15004,Jeff Driskel,WAS
15008,Kelvin Taylor,CLE
15010,Devon Cajuste,CLE
15011,Aaron Burbridge,DEN
15022,Bryce Treggs,PHI
15024,Roberto Aguayo,NE
15026,Russell Hansbrough,WAS
15029,Alan Cross,TB
15037,Peyton Barber,LV
15047,Tajae Sharpe,SF
15055,Derrick Henry,BAL
15056,Alex Ellis,ARZ
15071,Aldrick Rosas,DET
15072,Maurice Harris,NO
15073,Josh Doctson,ARZ
15081,Nate Sudfeld,SF
15085,Joe Kerridge,CLE
15086,Keith Marshall,WAS
15091,Marquis Bundy,NYG
15106,Garrett Griffin,DET
15109,Marvin Hall,JAX
15111,Marcus Tucker,PIT
15116,Reece Horn,CIN
15118,Robert Kelley,NO
15129,Sam Ficken,DET
15136,Kendal Thompson,LA
15154,Troymaine Pope,TB
15164,Jason Vander Laan,NO
15167,Matt Weiser,TB
15208,Nick Truesdell,NYJ
15214,Mo Alie-Cox,IND
15222,Christian McCaffrey,SF
15223,Mitchell Trubisky,TEN
15224,John Ross,PHI
15227,David Njoku,LAC
15231,Deshaun Watson,CLE
15233,Leonard Fournette,BUF
15234,Patrick Mahomes,KC
15238,Evan Engram,DEN
15245,O.J. Howard,LV
15246,Corey Davis,NYJ
15249,Chad Williams,KC
15256,Zay Jones,HOU
15257,Curtis Samuel,BUF
15260,Adam Shaheen,MIA
15261,Joe Mixon,HOU
15263,DeShone Kizer,TEN
15267,Carlos Henderson,WAS
15269,Brendan Langley,SEA
15271,Kenny Golladay,NYG
15276,D'Onta Foreman,CLE
15281,Kareem Hunt,KC
15283,Cooper Kupp,SEA
15285,Gerald Everett,CHI
15289,Dalvin Cook,DAL
15293,Alvin Kamara,NO
15297,Davis Webb,NYG
15299,ArDarius Stewart,WAS
15305,JuJu Smith-Schuster,NYG
15306,James Conner,ARZ
15312,Amara Darboh,DEN
15313,C.J. Beathard,DET
15316,Chris Godwin Jr.,TB
15318,Taywan Taylor,HOU
15319,Jonnu Smith,GB
15326,Tarik Cohen,NYJ
15331,Josh Malone,PIT
15333,Ryan Switzer,CAR
15336,Michael Roberts,MIA
15341,Marlon Mack,ARZ
15344,Dede Westbrook,GB
15345,Jehu Chesson,NYJ
15346,Josh Reynolds,NYJ
15351,Wayne Gallman,SEA
15352,Chad Hansen,ATL
15353,Jordan Leggett,DEN
15355,Mack Hollins,NE
15356,Donnel Pumphrey,PHI
15357,Joshua Dobbs,DET
15359,Joe Williams,SF
15360,George Kittle,SF
15362,Samaje Perine,CIN
15363,T.J. Logan,TB
15366,Eric Saubert,SEA
15367,Brian Hill,SF
15372,Nathan Peterman,DEN
15373,Alex Armah,WAS
15375,Harrison Butker,KC
15376,Jake Elliott,PHI
15380,Zane Gonzalez,MIA
15384,Noah Brown,LV
15387,Isaiah McKenzie,MIA
15388,De'Angelo Henderson,PHI
15389,Jamal Agnew,WAS
15391,Brad Kaaya,CIN
15392,Aaron Jones Sr.,MIN
15394,Devante Mays,JAX
15395,DeAngelo Yancey,TEN
15400,Marquez Williams,CLE
15403,Sam Rogers,BUF
15409,Isaiah Ford,CHI
15412,Temuchin Hodges,NYJ
15413,Rodney Adams,NYJ
15414,Stacy Coley,NYJ
15421,Elijah McGuire,KC
15427,Elijah Hood,JAX
15429,Shelton Gibson,CAR
15434,David Moore,CAR
15439,Trent Taylor,SF
15441,Jeremy McNichols,WAS
15442,Khalfani Muhammad,ARZ
15450,Jeremy Sprinkle,DAL
15451,Robert Davis,LV
15452,Fred Ross,CAR
15454,Mason Schreck,HOU
15455,Matt Dayes,NO
15457,Chad Kelly,IND
15459,Malachi Dupre,LAC
15464,Chris Carson,SEA
15465,Ricky Seals-Jones,IND
15466,Krishawn Hogan,CAR
15467,Tim Patrick,NYJ
15468,Quincy Adeboyejo,NE
15470,Tanner Gentry,BUF
15475,Cethan Carter,MIA
15479,Cooper Rush,ATL
15480,Blake Jarwin,DAL
15486,Bug Howard,TB
15487,Darrell Daniels,DET
15489,Amba Etta-Tawo,NYG
15493,Gehrig Dieter,KC
15495,Justin Davis,ARZ
15496,Artavis Scott,HOU
15497,De'Veon Smith,WAS
15503,Josiah Price,MIN
15510,Jacob Hollister,CAR
15512,Cody Hollister,TEN
15514,Austin Carr,NO
15518,Travin Dural,NO
15520,Travis Rudolph,MIA
15530,Keon Hatcher,NYJ
15533,Corey Clement,ARZ
15539,K.D. Cannon,DAL
15540,Cole Hikutini,NYG
15542,Nick Mullens,JAX
15548,Trey Griffey,PIT
15555,Johnny Mundt,PHI
15563,Scott Orndoff,PHI
15576,Reggie Davis,DAL
15584,Tim Cook,JAX
15589,Keelan Cole,LV
15592,I'Tavius Mathers,JAX
15599,Antony Auclair,TEN
15602,Bobo Wilson,CAR
15605,Thomas Sperbeck,TB
15608,Alek Torgersen,ARZ
15630,Carlton Agudosi,PHI
15631,Trevor Knight,ATL
15641,P.J. Walker,SEA
15646,Colin Jeter,TB
15647,Brandon Radcliff,MIA
15650,Dalton Crossan,TB
15654,JoJo Natson,CLE
15659,Zach Pascal,NYG
15665,Matt Breida,SF
15666,Victor Bolden,HOU
15671,Kendrick Bourne,ARZ
15678,Jarveon Williams,CIN
15684,Pharaoh Brown,IND
15698,LeShun Daniels,GB
15702,William Stanback,LV
15716,Keith Towbridge,WAS
15718,Jason Croom,PHI
15719,Brandon Reilly,PIT
15720,Devine Redding,TB
15723,Emanuel Byrd,GB
15735,Marcus Kemp,WAS
15741,Drew Morgan,MIA
15743,Damore'ea Stringfellow,SEA
15748,Brandon Barnes,LV
15751,Robert Tonyan,PIT
15755,Tion Green,IND
15757,Dontez Ford,DET
15765,Keeon Johnson,NYG
15767,Anthony Firkser,DET
15768,Brisly Estime,NYJ
15775,Billy Brown,IND
15777,Algernon Brown,KC
15780,Tyrone Swoopes,WAS
15789,Jahad Thomas,NYJ
15792,Brian Brown,DET
15799,Riley McCarron,NE
15802,Evan Baylis,KC
15806,Deante' Gray,HOU
15807,Zach Conque,IND
15816,Montay Crockett,LV
15821,Michael Clark,GB
15841,Trey Edmunds,PIT
15848,Tyler Ferguson,TEN
15852,Akeem Judd,GB
15858,Dare Ogunbowale,LV
15859,Chris Thompson,SF
15860,Justin Thomas,PIT
15866,Ricky Ortiz,NO
15868,C.J. Board,TEN
15869,Taquan Mizzell,NYG
15874,Isaac Whitney,ARZ
15885,Cyril Grayson,CLE
15895,Younghoe Koo,NYJ
15896,Austin Ekeler,WAS
15898,Andre Patton,PHI
15899,Sean Culkin,KC
15903,Mike Williams,LAC
15910,Austin Duke,CAR
15924,Kyle Sloter,JAX
15925,Lenard Tillery,TEN
15927,Malcolm Lewis,MIA
15931,Joel Bouagnon,NYJ
15938,Taysom Hill,NO
15960,Francis Owusu,MIA
15964,Greg Ward,IND
15965,Colby Pearson,ATL
15972,Dan Arnold,PHI
15977,Patrick Ricard,NYG
15978,Tim White,NO
15985,Lance Lenoir,LA
15991,Alex Gray,ATL
15996,Adam Zaruba,PHI
16003,Kermit Whitfield,CIN
16012,Colin Thompson,MIN
16019,Marvin Bracy,SEA
16020,Joshua Rounds,CLE
16022,Darius Victor,ARZ
16024,De'Quan Hampton,SEA
16033,Rashard Davis,NYJ
16034,David Grinnage,JAX
16035,Daniel Williams,CLE
16038,Justice Liggins,LAC
16052,River Cracraft,WAS
16055,Kent Taylor,CAR
16056,Jevoni Robinson,HOU
16057,Chris Bazile,ARZ
16059,Brandon Zylstra,DET
16062,Saquon Barkley,PHI
16065,Calvin Ridley,TEN
16066,Courtland Sutton,DEN
16067,Nick Chubb,HOU
16068,Ronald Jones,DAL
16069,Baker Mayfield,TB
16070,Rashaad Penny,CAR
16071,Josh Rosen,MIN
16073,James Washington,ATL
16074,Josh Allen,BUF
16075,Mark Andrews,BAL
16077,Sam Darnold,SEA
16078,Sony Michel,LA
16079,Bryce Love,
16080,Mason Rudolph,PIT
16081,Lamar Jackson,BAL
16083,Akrum Wadley,TEN
16084,Josh Adams,NO
16085,Kerryon Johnson,SF
16086,Jaylen Samuels,ARZ
16087,Phillip Lindsay,IND
16088,Bo Scarbrough,LV
16089,Mark Walton,MIA
16090,Royce Freeman,LAC
16091,Kamryn Pettway,MIN
16092,John Kelly,CLE
16093,Justin Jackson,DET
16094,Kalen Ballage,PIT
16095,Nyheim Miller-Hines,NO
16097,Jarvion Franklin,PIT
16098,Ralph Webb,PIT
16099,Demario Richard,ATL
16100,Nick Wilson,
16101,Roc Thomas,JAX
16102,Allen Lazard,NYJ
16104,Auden Tate,ARZ
16105,Simmie Cobbs,NO
16106,Javon Wims,CAR
16107,Tre'Quan Smith,DET
16108,Michael Gallup,WAS
16109,Marcell Ateman,BUF
16110,Deontay Burnett,DAL
16111,DaeSean Hamilton,MIA
16112,Austin Proehl,NYG
16113,Darren Carrington,DAL
16114,Cedrick Wilson Jr.,DET
16115,Robert Foster,IND
16116,Elijah Marks,KC
16117,Cam Phillips,CAR
16118,Jester Weah,CHI
16119,J'Mon Moore,ATL
16120,Jordan Lasley,DET
16122,Bryce Bobo,
16123,Davon Grayson,KC
16124,Keke Coutee,MIA
16125,Jaleel Scott,NYJ
16126,Trey Quinn,DET
16127,Jake Wieneke,MIN
16128,Daurice Fountain,DET
16129,Korey Robertson,MIN
16130,DJ Chark,ATL
16131,Darren Andrews,
16132,Christian Kirk,SF
16133,Dante Pettis,BUF
16134,DJ Moore,BUF
16135,Deon Cain,BUF
16136,Equanimeous St. Brown,SF
16137,Braxton Berrios,NYG
16138,Anthony Miller,BAL
16139,Antonio Callaway,DAL
16140,Luke Falk,NYJ
16141,J.T. Barrett,PIT
16142,Riley Ferguson,MIA
16143,Mike White,CAR
16144,Tanner Lee,JAX
16145,Kurt Benkert,SF
16146,Kyle Lauletta,CLE
16147,Nick Stevens,
16148,Quinton Flowers,IND
16149,Mike Gesicki,CIN
16151,Dallas Goedert,PHI
16152,Ryan Izzo,CAR
16153,Durham Smythe,BAL
16154,Adam Breneman,
16155,Ian Thomas,LV
16156,Chris Herndon,NO
16157,Hayden Hurst,LAC
16158,Daniel Carlson,NO
16159,Eddy Pineiro,SF
16160,Michael Badgley,BUF
16161,Justin Yoon,
16162,Aidan Schneider,
16163,Derrius Guice,WAS
16167,Lamar Atkins,JAX
16170,David Williams,IND
16214,Jordan Akins,JAX
16246,Chase Edmonds,WAS
16247,Ito Smith,DAL
16255,Dalton Schultz,HOU
16281,Justin Watson,HOU
16285,Russell Gage,SF
16292,Ray-Ray McCloud III,CHI
16303,Damion Ratley,MIN
16305,Troy Fumagalli,MIN
16309,Nick Bawden,HOU
16312,Marquez Valdes-Scantling,DAL
16315,Jordan Thomas,ATL
16318,Jordan Wilkins,CLE
16332,Dylan Cantrell,WAS
16334,Jason Sanders,NYJ
16343,Danny Etling,GB
16345,Boston Scott,PIT
16349,Trenton Cannon,TEN
16359,Alex McGough,GB
16368,Logan Woodside,ARZ
16377,Jeff Badet,LV
16379,Tyler Conklin,DET
16387,Pharoah McKever,GB
16393,Quadree Henderson,PIT
16395,Richie James,KC
16397,Trent Sherfield,BUF
16400,Austin Ramesh,ARZ
16411,Andrew Vollert,IND
16415,Corey Willis,ARZ
16416,Chad Kanoff,TB
16422,Christian Blake,PIT
16423,Dontez Byrd,ATL
16438,David Wells,TB
16443,Teo Redding,GB
16445,Ryan Santoso,NYG
16455,Chase Litton,JAX
16466,Anthony Manzo-Lewis,LAC
16470,J.J. Jones,NYJ
16473,Nic Shimonek,WAS
16474,Cole Hunt,CAR
16476,Detrez Newsome,LAC
16477,Jason Cabinda,DET
16486,Dimitri Flowers,JAX
16487,Marcus Baugh,PIT
16488,Jeremiah Briscoe,PHI
16495,Ka'Raun White,PIT
16501,Donnie Ernsberger,TEN
16502,Austin Allen,TB
16514,Malik Williams,PIT
16518,Jake Roh,ATL
16521,Troy Mangen,ATL
16524,Damoun Patterson,NE
16525,Lamar Jordan,ATL
16526,Luke McNitt,MIN
16531,Detrich Clark,ATL
16533,David Marvin,ATL
16534,Devin Gray,KC
16536,Daniel Marx,SEA
16537,Jaelon Acklin,BAL
16539,Andre Levrone,CAR
16549,Kaare Vedvik,JAX
16550,Gus Edwards,LAC
16554,Tyler Davis,BUF
16560,Reggie Bonnafon,WAS
16562,Kyle Allen,BUF
16564,Mike Boone,MIA
16567,Armanti Foreman,MIN
16569,Tyler Hoppes,MIN
16573,Ryan Nall,DAL
16577,Garrett Johnson,CHI
16582,Ray Lawry,KC
16583,Jordan Franks,KC
16585,Devonte Boyd,CIN
16586,Adonis Jennings,GB
16587,Peter Pujals,MIN
16588,Evan Berry,CLE
16590,Da'Mari Scott,NYG
16593,Darvin Kidsy,SEA
16601,Dalton Sturm,DAL
16604,Marchie Murdock,DAL
16608,Malik Earl,DAL
16610,Jordan Chunn,NYG
16614,Jimmy Williams,DEN
16619,DeAndre Goolsby,JAX
16625,Brandon Powell,MIN
16627,Kyle Lewis,GB
16632,Tim Boyle,TEN
16633,Kevin Rader,NO
16635,Damon Gibson,GB
16645,Lavon Coleman,GB
16646,Terry Swanson,HOU
16650,Vyncint Smith,IND
16653,Matt McCrane,DET
16654,Alec Bloom,ARZ
16655,Jonah Trinnaman,NYJ
16656,Jalen Tolliver,KC
16657,Dorren Miller,PHI
16666,Steve Ishmael,IND
16679,Byron Pringle,WAS
16683,Darrel Williams,NO
16684,Blake Mack,KC
16685,J.D. Moore,KC
16689,Codey McElroy,TB
16690,Luis Perez,LAC
16691,Steven Mitchell,HOU
16695,Dalton Keene,NE
16705,Buddy Howell,LA
16706,Greg Joseph,LV
16708,Chris Lacy,LV
16711,Shane Wimann,NE
16716,Keith Kirkwood,BAL
16721,Cam Serigne,CAR
16724,Deon Yelder,ARZ
16729,Jack Heneghan,SF
16731,Ross Dwelley,CAR
16732,Steven Dunbar,DEN
16734,Godwin Igwebuike,PIT
16735,Ervin Philips,TB
16736,Jason Reese,CAR
16739,Sergio Bailey,TB
16740,Tanner Hudson,CIN
16741,Shaun Wilson,TEN
16744,Trevor Moore,TB
16745,Justin Crawford,ATL
16747,Christopher Ezeala,BAL
16749,Christian Scotland-Williamson,PIT
16750,Cameron Batson,ATL
16752,De'Mornay Pierson-El,DEN
16753,Elijah Wellman,GB
16755,Martez Carter,WAS
16756,Mikah Holder,WAS
16757,Shay Fields,DEN
16759,Cam Sims,CAR
16761,Matt Flanagan,JAX
16763,John Diarse,DEN
16767,Stephen Baggett,CLE
16770,Jawill Davis,GB
16773,Vic Enwere,NYJ
16774,Canon Rooker,NYJ
16780,Ryan Green,NYJ
16788,Saeed Blacknall,PIT
16793,Anthony Mahoungou,PHI
16794,Jordon Gandy,PHI
16796,Brandon Silvers,NYJ
16798,Ray Bolden,PHI
16801,Troy Williams,SEA
16803,Taj Williams,ATL
16804,Caleb Scott,TEN
16813,Nick Sharga,SF
16817,J.T. Luper,TEN
16818,Jordan Veasy,LV
16827,Devin Ross,LV
16828,Larry Rose,LA
16830,Ethan Wolf,NO
16831,Jeff Wilson,MIA
16833,Will Dissly,LAC
16834,LaQuvionte Gonzalez,LA
16841,Dontrell Hilliard,TEN
16847,Julian Allen,CLE
16855,Janarion Grant,BAL
16856,Ryan Smith,GB
16859,Johnny Stanton,CLE
16860,Chad Beebe,HOU
16863,Henry Poggi,NE
16864,Paul Butler,NE
16865,Chris Warren,LV
16869,Jordan Smallwood,LAC
16872,De'Lance Turner,MIA
16873,Mark Thompson,LV
16887,Zach Olstad,BUF
16889,Matt Fleming,CHI
16892,Brogan Roback,PIT
16893,Deontez Alexander,SEA
16900,Robert Martin,NE
16901,Tim Wilson,PHI
16907,C.J. Duncan,ARZ
16909,Keith Ford,GB
16911,John Franklin,TB
16917,Clayton Wilson,SEA
16923,Ricky Jeune,DAL
16926,Ryan Yurachek,DAL
16929,Nick Holley,LA
16931,Kayaune Ross,CIN
16933,Austin Roberts,LAC
16934,Garrett Hudson,WAS
16935,Jaeden Graham,PHI
16936,Sherman Badie,ARZ
16937,Garrett Dickerson,NYG
16942,Josh Crockett,KC
16945,Josh Smith,NO
16950,Aaron Lacombe,LA
16953,Eldridge Massington,NO
16954,Khalid Hill,SEA
16955,Dalyn Dawkins,DET
16956,Jared Murphy,CIN
16957,Mark Chapman,DEN
16959,Blake Jackson,CLE
16960,KhaDarel Hodge,SF
16961,Malik Turner,SF
16964,James Butler,LV
16966,Malachi Jones,CHI
16967,Marcus Peterson,LAC
16968,Bryce Bobo,DEN
16970,Gerald Holmes,SEA
16975,Austin Wolf,ARZ
16976,Darren Andrews,NE
16977,Justin Stockton,DET
16978,Darius Prince,PHI
16979,Allenzae Staggers,WAS
16980,Julian Williams,ATL
16981,Kobe McCrary,MIN
16983,John Wolford,MIN
16985,Connor Jessop,WAS
16986,Ja'Quan Gardner,SF
16988,Frank Stephens,SF
16996,Bryant Mitchell,TB
16997,Redford Jones,CHI
16998,Josh Jacobs,GB
16999,Trayveon Williams,DET
17000,Damien Harris,BUF
17001,Benny Snell,DET
17002,DK Metcalf,PIT
17003,N'Keal Harry,SEA
17004,A.J. Brown,NE
17005,Darrell Henderson,LA
17007,Hollywood Brown,PHI
17008,Daniel Jones,IND
17009,Kyler Murray,MIN
17010,Rodney Anderson,CIN
17011,Parris Campbell,DAL
17012,Drew Lock,SEA
17013,Will Grier,CAR
17014,T.J. Hockenson,MIN
17015,Irv Smith,HOU
17016,David Montgomery,HOU
17017,Myles Gaskin,SEA
17018,Kelvin Harmon,DAL
17019,Deebo Samuel Sr.,SF
17020,Justice Hill,BAL
17021,Noah Fant,NO
17022,Jarrett Stidham,DEN
17023,Clayton Thorson,NYG
17024,Brett Rypien,HOU
17025,Gardner Minshew II,ARZ
17026,Ryan Finley,HOU
17027,Tyree Jackson,WAS
17029,Easton Stick,IND
17030,Dexter Williams,GB
17031,Bryce Love,WAS
17032,Karan Higdon,HOU
17033,Elijah Holyfield,CIN
17034,Devin Singletary,NYG
17035,Jordan Scarlett,MIA
17036,Travis Homer,PIT
17037,Qadree Ollison,PIT
17038,Damarea Crockett,NYJ
17039,Miles Sanders,DAL
17040,Bruce Anderson,IND
17041,Wes Hills,DET
17042,Alexander Mattison,MIA
17043,James Williams,DET
17044,Kerrith Whyte,GB
17045,Darwin Thompson,LV
17046,Ty Johnson,BUF
17047,Devine Ozigbo,DET
17048,J.J. Arcega-Whiteside,ATL
17049,Lil'Jordan Humphrey,DEN
17050,David Sills V,TB
17051,Riley Ridley,CHI
17052,Hakeem Butler,DEN
17053,Mecole Hardman Jr.,BUF
17054,Miles Boykin,CHI
17055,Hunter Renfrow,CAR
17056,Gary Jennings,LAC
17057,Greg Dortch,DET
17058,Emanuel Hall,WAS
17059,Anthony Johnson,PIT
17060,Tyre Brady,JAX
17061,Jakobi Meyers,JAX
17062,Terry McLaurin,WAS
17063,Penny Hart,ATL
17064,KeeSean Johnson,BUF
17065,DaMarkus Lodge,CIN
17066,Tyron Billy-Johnson,DAL
17067,Tony Pollard,TEN
17068,Andy Isabella,SF
17069,Jaylen Smith,SEA
17070,Keelan Doss,LV
17071,Cody Thompson,TB
17072,Antoine Wesley,LV
17073,Jalen Hurd,NE
17074,Preston Williams,CAR
17075,Emmanuel Butler,NO
17076,Dillon Mitchell,MIN
17077,Stanley Morgan,TEN
17078,Diontae Johnson,CLE
17079,Anthony Ratliff-Williams,SEA
17080,Kaden Smith,WAS
17081,Caleb Wilson,DEN
17082,Josh Oliver,MIN
17083,Alize Mack,TEN
17084,Isaac Nauta,GB
17085,Jace Sternberger,BUF
17086,C.J. Conrad,NYG
17087,Donald Parham,PIT
17088,Dawson Knox,BUF
17089,Dax Raymond,PIT
17090,Phillip Andersen,TB
17091,Mike Thomas,BAL
17092,Mike Weber,NYG
17093,Alex Barnes,FA
17094,Chris Blewitt,CLE
17096,Christian Wade,BUF
17100,Raphael Leonard,JAX
17103,Jeff Smith,ARZ
17105,Papi White,TEN
17106,Michael Walker,PHI
17110,Ryquell Armstead,JAX
17112,Michael Colubiale,JAX
17120,Dredrick Snelson,JAX
17122,Carson Meier,MIA
17135,Micah Wright,NO
17136,Cole Murphy,ARZ
17143,A.J. Richardson,ARZ
17148,Drew Belcher,WAS
17151,Dontae Strickland,ARZ
17154,Steven Peoples,ARZ
17155,Drew Anderson,ARZ
17157,Xavier Turner,SEA
17166,C.J. Worton,ATL
17170,Olamide Zaccheaus,ATL
17172,Kahlil Lewis,SEA
17175,Shawn Bane,ATL
17177,Marcus Green,PHI
17186,Charles Scarff,BAL
17187,Trace McSorley,WAS
17195,Nick Easley,BUF
17196,Tommy Sweeney,CHI
17207,Terry Godwin,TEN
17219,Elliott Fry,DEN
17225,Drew Sample,CIN
17228,Tristan Vizcaino,DAL
17232,Jacob Dolegala,MIA
17236,Trayone Gray,CLE
17238,Ishmael Hyman,GB
17240,Darrin Hall,PIT
17242,Dorian Baker,CLE
17247,David Blough,DET
17248,Stephen Carlson,CHI
17255,Damon Sheehy-Guiseppi,CLE
17256,Austin Seibert,WAS
17271,Kelvin McKnight,DEN
17273,George Aston,NYG
17277,Devontae Jackson,DEN
17279,Trinity Benson,CLE
17280,Austin Fort,TEN
17281,Juwann Winfree,HOU
17288,Nate Becker,GB
17293,Travis Fulgham,GB
17297,Jonathan Duhart,DET
17303,Andre Wilson,DET
17308,Manny Wilkins,GB
17317,Matthew Eaton,TB
17318,Davis Koppenhaver,GB
17323,Kahale Warring,NO
17338,Stephen Louis,HOU
17346,Johnnie Dixon,DAL
17354,Marquis Young,IND
17366,Ashton Dulin,IND
17370,John Lovett,MIA
17371,T.J. Linta,KC
17376,Felton Davis,KC
17382,Jamal Custis,PIT
17385,Logan Parker,KC
17386,Jamire Jordan,KC
17388,Andre Lindsey,KC
17389,Gaje Ferguson,KC
17390,Jody Fortson,KC
17391,Kyle Shurmur,WAS
17396,Alex Bachman,LA
17399,Matt Colburn,JAX
17401,Kendall Blanton,KC
17402,Romello Brooker,LA
17408,Nsimba Webster,CHI
17412,Keenen Brown,HOU
17425,Trenton Irwin,SF
17442,Chandler Cox,MIA
17445,Davion Davis,WAS
17447,Brandon Dillon,WAS
17450,Jake Browning,TB
17452,Alexander Hollins,CLE
17456,Bisi Johnson,MIN
17461,Khari Blasingame,PHI
17469,Ryan Davis,NE
17480,Nick Brossette,DET
17481,Xavier Ubosi,TB
17486,Andrew Beck,NYJ
17488,Jakob Johnson,HOU
17499,Jake Powell,NYG
17504,Deonte Harty,BAL
17507,Darnell Holland,NO
17512,Darius Slayton,NYG
17528,Jalin Moore,NYJ
17531,Trevon Wesco,LV
17535,Valentine Holmes,NYJ
17548,Foster Moreau,HOU
17557,Matthew Wright,BUF
17558,Travon McMillian,PIT
17559,Zach Gentry,LV
17562,Trevor Wood,PIT
17571,Sutton Smith,LV
17577,Delane Hart-Johnson,SEA
17580,Mik'Quan Deane,CLE
17587,John Ursua,SEA
17588,Jazz Ferguson,SEA
17591,Taryn Christion,PIT
17600,Malik Henry,NO
17601,Wilton Speight,SF
17608,Tyree Mayfield,SF
17618,Cortrelle Simpson,TB
17621,Isaiah Searight,NYG
17622,Scotty Miller,CHI
17628,Matt Gay,LV
17629,Nick Fitzgerald,TB
17630,Malik Taylor,DET
17633,Alex Barnes,TEN
17659,Ellis Richardson,CHI
17662,Spencer Schnell,TB
17664,John Baron,CHI
17676,Jalen Guyton,LV
17681,Jon'Vea Johnson,CHI
17684,Johnathan Lloyd,LA
17686,Justin Sumpter,LA
17689,Matt Sokol,PIT
17693,Jeremy Cox,DEN
17695,Trevion Thompson,TEN
17699,Daniel Helm,DET
17704,Jason Moore,DET
17709,Alex Wesley,CHI
17711,Reggie White,NYG
17713,Jon Hilliman,NYG
17718,Alec Ingold,LAC
17729,Nico Evans,PHI
17736,DeAndre Thompkins,GB
17740,T.J. Rahming,MIA
17742,Kano Dillon,WAS
17744,Steven Sims,ARZ
17751,Jerome Washington,ARZ
17753,Romell Guerrier,DEN
17754,LJ Scott,CLE
17759,Sean Modster,BAL
17769,Cole Herdman,TEN
17773,D.J. Montgomery,IND
17782,Clayton Hatfield,IND
17785,Adam Choice,SEA
17786,Terry Wright,MIA
17788,Justin Johnson,ARZ
17789,Shawn Poindexter,SF
17792,Ian Bunting,DAL
17800,Thomas Ives,CHI
17802,Cole Hedlund,IND
17810,Darrius Shepherd,LAC
17812,Austin Walter,LV
17815,Joey Slye,TEN
17817,Nyqwan Murray,SEA
17820,Marcus Marshall,TEN
17826,Eric Dungey,CIN
17834,Brian Burt,LV
17836,Ventell Bryant,CAR
17837,Tony Brooks-James,PIT
17838,Tom Kennedy,DET
17839,Charles Jones,PIT
17846,Jalan McClendon,WAS
17847,Moral Stephens,DEN
17851,Chase McLaughlin,TB
17852,Jesper Horsted,CAR
17853,Damion Willis,PIT
17857,Isaac Zico,ARZ
17861,A.J. Ouellette,CLE
17862,Devlin Hodges,LA
17864,Parker Hesse,DET
17866,Joe Parker,TEN
17870,Craig Reynolds,WAS
17874,Jalen Greene,LA
17876,Joe Horn,BAL
17878,Juston Christian,BAL
17882,Jordan Ellis,CIN
17890,Floyd Allen,HOU
17891,Gunner Olszewski,NYG
17892,Marcelias Sutton,SEA
17894,Fred Trevillion,LAC
17898,Josh Caldwell,CHI
17900,Patrick Laird,TB
17901,Chris Myarick,LV
17903,Damion Jeanpiere,CAR
17910,Marcus Simms,SEA
17911,Jamarius Way,DEN
17913,Holder Defense1 TDSP,XXX
17914,Holder Defense2 TDSP,YYY
17919,D'Ernest Johnson,TEN
17921,Vincent Testaverde,TB
17923,Derrick Gore,WAS
17924,Charles Holland,CIN
17926,Aca'Cedric Ware,TB
17927,Taj McGowan,JAX
17934,Joe Walker,CHI
17935,Jackson Harris,SEA
17937,Jordan Ta'amu,MIN
17945,Micky Crum,PIT
17953,Josh Gable,NE
17954,Tavonn Salter,ATL
17958,Darion Clark,CHI
17959,Reggie Begelton,GB
17961,D'Andre Swift,CHI
17962,Jonathan Taylor,IND
17963,J.K. Dobbins,DEN
17964,Jerry Jeudy,CLE
17965,CeeDee Lamb,DAL
17966,Cam Akers,SEA
17967,Clyde Edwards-Helaire,KC
17968,Joe Burrow,CIN
17969,Henry Ruggs,LV
17970,Laviska Shenault,BUF
17971,Tee Higgins,CIN
17972,Justin Jefferson,MIN
17973,Zack Moss,CIN
17974,Ke'Shawn Vaughn,SF
17975,Tua Tagovailoa,ATL
17976,Justin Herbert,LAC
17977,Jalen Reagor,MIA
17978,Bryan Edwards,NO
17979,Tyler Johnson,DAL
17980,Eno Benjamin,NO
17981,KJ Hamler,BUF
17982,Antonio Gandy-Golden,WAS
17983,Brandon Aiyuk,SF
17984,Lynn Bowden,NO
17985,Anthony McFarland,MIA
17986,Thaddeus Moss,CIN
17987,Donovan Peoples-Jones,NO
17988,Isaiah Hodgins,NYG
17989,Devin Duvernay,ARZ
17990,Collin Johnson,LV
17991,Michael Warren,DET
17992,Quintez Cephus,HOU
17993,Brycen Hopkins,LA
17994,Salvon Ahmed,CHI
17995,Michael Pittman Jr.,PIT
17996,AJ Dillon,CAR
17997,Jordan Love,GB
17998,La'Mical Perine,PIT
17999,Jalen Hurts,PHI
18000,Albert Okwuegbunam Jr.,LV
18001,Hunter Bryant,DET
18002,Jacob Eason,GB
18003,Jake Fromm,DET
18004,Jared Pinkney,CHI
18005,DeeJay Dallas,JAX
18006,Javon Leake,DET
18007,J.J. Taylor,HOU
18008,Denzel Mims,DAL
18009,KJ Hill,LAC
18010,Cole Kmet,CHI
18011,Patrick Taylor Jr.,SF
18012,Gabe Davis,BUF
18013,Chase Claypool,BUF
18014,Quartney Davis,IND
18015,Van Jefferson,WAS
18016,Aaron Fuller,SEA
18017,John Hightower,LAC
18018,Colby Parkinson,LA
18019,Joshua Kelley,TEN
18020,Harrison Bryant,SEA
18021,Jacob Breeland,BAL
18022,James Proche,TEN
18023,Raymond Calais,LA
18024,Tavien Feaster,ARZ
18025,Devin Asiasi,TEN
18026,Darrynton Evans,BUF
18027,Darius Anderson,HOU
18028,Rodney Smith,DET
18029,Kennedy McKoy,FA
18030,Chris Streveler,NYJ
18031,Anthony Gordon,KC
18032,Adam Trautman,DEN
18033,Jauan Jennings,MIN
18034,Antonio Gibson,NE
18035,JaMycal Hasty,NE
18036,Rico Dowdle,PIT
18037,Rodrigo Blankenship,TB
18038,Lirim Hajrullahu,DAL
18039,Austin MacGinnis,LA
18040,Jacques Patrick,NYJ
18041,James Robinson,NO
18042,Ramiz Ahmed,WAS
18104,Josiah Deguara,NYG
18128,Dalton Keene,HOU
18158,Tyler Bass,BUF
18169,Darnell Mooney,NYG
18182,Jason Huntley,IND
18191,Isaiah Coulter,BUF
18197,Dezmon Patmon,CAR
18202,Tyler Davis,NE
18207,Jake Luton,LV
18214,Sam Sloman,SF
18219,Joe Reed,CHI
18224,Malcolm Perry,NE
18228,Nate Stanley,MIN
18231,K.J. Osborn,TEN
18240,Justin Rohrwasser,NE
18241,Tommy Stevens,NYG
18252,James Morgan,ARZ
18257,Quez Watkins,PHI
18265,Freddie Swain,CHI
18268,Stephen Sullivan,CAR
18271,Charlie Woerner,ATL
18278,Cole McDonald,ARZ
18290,Ben DiNucci,DEN
18291,Tyrie Cleveland,IND
18298,Rashad Medaris,ARZ
18300,Shane Leatherbury,ARZ
18302,Jermiah Braswell,ARZ
18303,Sirgeo Hoffman,ARZ
18304,Jonathan Ward,BAL
18305,Parker Houston,ARZ
18308,Ryan Becker,ATL
18311,JoJo Ward,CLE
18320,Juwan Green,KC
18324,Jalen McCleskey,NO
18326,Chris Rowland,TEN
18327,Caleb Repp,ATL
18328,Mikey Daniel,CAR
18329,Seth Dawkins,SEA
18332,Tyler Mabry,CAR
18334,Dominick Wood-Anderson,SEA
18340,Anthony Jones,SEA
18345,Travis Jonsen,TB
18347,John Hurst,IND
18350,Josh Pearson,TB
18351,Reid Sinnett,CIN
18356,Kyle Williams,TEN
18357,Kristian Wilkerson,ATL
18359,Tommy Hudson,NO
18362,Tucker McCann,TEN
18363,Mason Kinsey,TEN
18364,Cameron Scarlett,SEA
18368,Isaiah Wright,WAS
18369,Johnathon Johnson,WAS
18371,Steven Montez,DET
18380,Bronson Rechsteiner,BAL
18381,Jaylon Moore,SF
18393,Ty'Son Williams,ARZ
18395,Eli Wolf,WAS
18396,Nick Vogel,BAL
18397,Michael Dereus,BAL
18405,Antonio Williams,NYG
18406,Reggie Gilliam,NE
18407,Trevontae Hights,CAR
18410,Cam Sutton,SEA
18413,Omar Bayless,KC
18418,Giovanni Ricci,DET
18422,Artavis Pierce,DEN
18424,Ahmad Wagner,CHI
18426,Scotty Washington,BAL
18427,Devwah Whaley,CIN
18436,Tony Brown,WAS
18437,Kevin Davidson,CLE
18439,Nate Wieting,NYG
18444,Brian Herrien,CLE
18445,Ja'Marcus Bradley,PIT
18446,Benny LeMay,CLE
18447,Kendrick Rogers,DAL
18451,Stephen Guidry,DAL
18452,Sean McKeon,IND
18454,Charlie Taumoepeau,DET
18458,Aaron Parker,KC
18461,Sewo Olonilua,DAL
18465,LeVante Bellamy,DEN
18466,Riley Neal,DEN
18467,Kendall Hinton,DEN
18468,Zimari Manning,DEN
18473,Luke Sellers,DET
18476,Jalen Morton,IND
18480,Darrell Stewart,CAR
18485,Jordan Jones,GB
18492,Dylan Stapleton,HOU
18493,Tyler Simmons,PIT
18494,Scottie Phillips,HOU
18499,Binjimen Victor,BAL
18501,Rysen John,CHI
18503,Austin Mack,ATL
18505,Kyle Markway,LA
18506,Case Cookus,LA
18507,Derrick Dillon,CLE
18515,Lawrence Cager,WAS
18517,George Campbell,NYJ
18521,Manasseh Bailey,NYJ
18525,Adrian Killins,DEN
18528,Khalil Tate,PHI
18530,Noah Togiai,PHI
18540,Spencer Nigh,PIT
18546,Broc Rutter,SF
18547,Chase Harrell,SF
18548,Chris Finke,CHI
18558,Nakia Griffin-Stewart,IND
18564,Jake Burt,NE
18567,Will Hastings,NE
18569,Brian Lewerke,NYG
18570,Jeff Thomas,NE
18571,J'Mar Smith,NE
18572,Sean Riley,NE
18576,Isaiah Zuber,LV
18582,Juwan Johnson,NO
18584,Marquez Callaway,LV
18587,Tony Jones,ARZ
18591,Easop Winston,NYJ
18592,Josh Love,CAR
18593,Trishton Jackson,ARZ
18596,Brandon Polk,LA
18598,Earnest Edwards,LA
18599,James Gilbert,LA
18600,J.J. Koski,DEN
18603,Bryce Perkins,CAR
18605,Xavier Jones,LA
18610,Matt Cole,WAS
18611,Kirk Merritt,NO
18619,Mitchell Wilcox,MIA
18624,Tyler Huntley,BAL
18625,Nick Tiano,HOU
18630,DeMichael Harris,IND
18631,Farrod Green,IND
18636,Marvelle Ross,JAX
18638,Josh Hammond,DEN
18642,Nathan Cottrell,JAX
18644,Ben Ellefson,MIN
18645,Connor Slomka,JAX
18650,Aleva Hifo,ARZ
18651,Dominik Eberle,DET
18653,Nick Bowers,MIA
18657,Siaosi Mariner,BAL
18664,Cody White,SEA
18666,Maurice Ffrench,LAC
18668,Andre Baccellia,ARZ
18673,Justice Shelton-Mosley,KC
18675,Kalija Lipscomb,TEN
18677,Bobby Holly,LAC
18681,Gabe Nabers,LAC
18683,Darius Bradwell,CAR
18684,Dalton Schoen,WAS
18685,Jeff Cotton,GB
18686,Jared Rice,LAC
18696,Jake Bargas,NO
18698,Dan Chisena,CAR
18700,Josh Hokit,ARZ
18710,Shea Patterson,KC
18711,Devin Phelps,ARZ
18716,Napoleon Maxwell,CHI
18719,Nick Westbrook-Ikhine,IND
18724,Patrick Carr,SEA
18732,Connor Davis,CLE
18734,Sandro Platzgummer,NYG
18736,Paul Quessenberry,HOU
18738,Dominique Dafney,CAR
18739,Pete Guerriero,PIT
18743,JJ Molson,GB
18744,Taylor Russolino,DEN
18747,Chris Blair,ATL
18770,Travis Etienne Jr.,NO
18771,Javonte Williams,DAL
18772,Kenny Gainwell,TB
18773,Chuba Hubbard,CAR
18774,Jaret Patterson,LAC
18775,Ja'Marr Chase,CIN
18776,Javian Hawkins,LA
18777,Pooka Williams,CIN
18778,DeVonta Smith,PHI
18779,Trevor Lawrence,JAX
18780,Rakeem Boyd,DET
18781,Jaylen Waddle,DEN
18782,Kylin Hill,GB
18783,Justin Fields,KC
18784,Jermar Jefferson,MIN
18785,Rashod Bateman,BAL
18786,Dyami Brown,WAS
18787,Brenden Knox,KC
18788,Demetric Felton,WAS
18789,Kyle Pitts Sr.,ATL
18790,Rondale Moore,MIN
18791,Rhamondre Stevenson,NE
18792,Pat Freiermuth,PIT
18793,Tylan Wallace,CLE
18794,Seth Williams,LV
18795,Elijah Moore,PHI
18797,Brevin Jordan,HOU
18798,Terrace Marshall Jr.,MIA
18799,Trey Lance,LAC
18800,Mac Jones,SF
18801,Hunter Long,JAX
18802,Tutu Atwell,LA
18803,Sage Surratt,ARZ
18804,Anthony Schwartz,MIA
18806,Zach Wilson,NO
18807,Tommy Tremble,CAR
18809,Damonte Coxie,FA
18810,Kyle Trask,CAR
18811,Brennan Eagles,DAL
18812,Simi Fehoko,ARZ
18813,Adrian Hardy,FA
18814,Pro Wells,CIN
18815,Cade Johnson,SEA
18816,Isaiah McCoy,FA
18817,Dax Milne,CAR
18818,Blake Proehl,MIN
18820,Marlon Williams,HOU
18826,Najee Harris,NYG
18827,Amon-Ra St. Brown,DET
18828,Michael Carter,TEN
18829,Trey Sermon,ATL
18830,Khalil Herbert,SF
18831,CJ Verdell,IND
18832,Zamir White,NO
18833,Master Teague,PIT
18834,Kadarius Toney,CLE
18835,Dee Eskridge,MIA
18836,Nico Collins,HOU
18837,Trevon Grimes,PHI
18838,Larry Rountree,HOU
18839,Amari Rodgers,IND
18840,Elijah Mitchell,PHI
18841,Jaelon Darden,SEA
18842,Marquez Stevenson,CAR
18843,Shi Smith,KC
18844,Tamorrion Terry,SEA
18845,Frank Darby,SF
18846,Josh Imatorbhebhe,JAX
18847,Dez Fitzpatrick,LAC
18849,Kellen Mond,NO
18850,Darius Clark,CAR
18852,Kai Locksley,MIA
18853,Matt Ammendola,HOU
18854,Team Zendejas,FA
18855,Chris Evans,CIN
18856,Micah Simon,CAR
18857,Mathew Sexton,MIA
18860,Sammis Reyes,MIN
18861,Darece Roberson,SEA
18862,Joshua Palmer,BUF
18863,Carson Williams,LV
18922,Davis Mills,HOU
18933,Tre' McKitty,WAS
18982,Kylen Granson,TEN
18988,Jacob Harris,TB
18992,Kene Nwangwu,NYJ
18995,Ian Book,PHI
19005,John Bates,WAS
19007,Josh Pederson,JAX
19008,Austin Watkins,PHI
19009,Cary Angeline,PHI
19010,Feleipe Franks,CAR
19015,Antonio Nunn,ATL
19016,Austin Trammell,JAX
19019,Bruno Labelle,ARZ
19028,Avery Williams,NYJ
19029,Caleb Huntley,ATL
19038,Ben Mason,LAC
19044,Spencer Brown,ATL
19046,Mason Stokke,CAR
19053,Dazz Newsome,SF
19062,CJ Marable,NE
19064,Scooter Harrington,CHI
19068,Evan McPherson,CIN
19076,Nick Eubanks,IND
19077,Osirus Mitchell,GB
19082,T.J. Vasher,DAL
19083,JaQuan Hardy,DEN
19086,Artayvious Lynn,DAL
19100,Javon McKinley,PIT
19101,Brock Wright,DET
19103,Dedrick Mills,DET
19104,Jonathan Adams,DET
19111,Bailey Gaither,BAL
19121,Sam Ehlinger,DEN
19124,Luke Farrell,SF
19125,Jalen Camp,CLE
19127,Cornell Powell,PIT
19128,Noah Gray,KC
19129,Ben Skowronek,PIT
19131,Jake Funk,JAX
19138,Gerrid Doaks,HOU
19140,Ihmir Smith-Marsette,ARZ
19144,Tre Nixon,NE
19147,Kawaan Baker,GB
19149,Gary Brightwell,CIN
19166,Roland Rivers,PIT
19168,Isaiah McKoy,IND
19170,Rico Bussey,PIT
19185,Tory Carter,TEN
19186,Racey McMath,DAL
19188,Briley Moore,TEN
19189,Miller Forristall,LA
19190,Blake Haubeil,CAR
19197,Nick Ralston,DAL
19201,Jeremiah Haydel,LA
19203,Landen Akers,LA
19207,Alex Kessman,CAR
19209,Eli Stove,LAC
19212,Hunter Kampmoyer,DEN
19218,Carl Tucker,MIA
19219,Myron Mitchell,MIN
19221,Whop Philyor,MIN
19222,A.J. Rose,LA
19227,Riley Patterson,MIA
19228,Stevie Scott,ARZ
19229,Dylan Soehner,NO
19242,Kenny Yeboah,ARZ
19250,Michael Strachan,WAS
19252,Zach Davidson,NYG
19253,Jack Stoll,CLE
19254,Jamie Newman,PHI
19257,Jhamon Ausbon,PHI
19260,B.J. Emmons,HOU
19262,Connor Wedington,SEA
19270,T.J. Simmons,TB
19271,Jose Borregales,TB
19279,Tim Tebow,JAX
19281,John Raine,ATL
19285,Tony Poljan,BAL
19290,Tre Walker,BUF
19291,Quintin Morris,JAX
19292,Collin Hill,CIN
19298,Riley Lees,CIN
19305,Shane Buechele,BUF
19306,DJ Turner,HOU
19307,Garrett Groshek,MIN
19309,Matt Bushman,KC
19310,Trey Ragas,LA
19313,Dillon Stoner,LV
19316,Damon Hazelton,HOU
19319,Deon Jackson,DET
19320,Tarik Black,DET
19323,Tyler Vaughns,PIT
19329,Tim Jones,JAX
19332,Tre Harbison,CLE
19335,Devontres Dukes,DEN
19337,Shaun Beyer,GB
19338,Branden Mack,DEN
19340,Warren Jackson,LA
19343,Adam Prentice,DEN
19344,Landon Rice,DEN
19347,Bernhard Seikovits,ARZ
19352,Jibri Blount,MIA
19353,Quinn Nordin,NE
19355,Nick Guggemos,BUF
19356,Shane Zylstra,BUF
19358,Chris Naggar,DAL
19365,Cheyenne O'Grady,CIN
19367,Josh Johnson,SEA
19368,Donte Sylencieux,BAL
19369,Khalil McClain,MIA
19372,Brian Johnson,WAS
19373,Jake Verity,TB
19374,Kenji Bahar,BAL
19375,Nate McCrary,GB
19378,Jake Hausmann,WAS
19385,C.J. Saunders,ATL
19387,Travis Toivonen,MIN
19390,Matt Seybert,LAC
19392,Michael Bandy,DEN
19393,Otis Anderson,LA
19400,Mekhi Sargent,JAX
19402,Jeff Holder TK,FA
19403,K.J. Costello,NO
19404,Kalif Jackson,MIA
19405,Sal Cannella,CLE
19407,Daniel Crawford,GB
19408,Corey Taylor,CLE
19409,Graham Adomitis,IND
19411,Michael Jacobson,NO
19417,Mark Vital,KC
19418,DeShon Williams,SEA
19419,Ryan Willis,CHI
19421,Brayden Lenius,ATL
19423,Nikola Kalinic,CHI
19424,DeVonte Dedmon,MIA
19427,Breece Hall,NYJ
19428,Isaiah Spiller,LV
19429,Treylon Burks,WAS
19430,Kenneth Walker III,KC
19431,Garrett Wilson,NYJ
19432,Chris Olave,NO
19433,Drake London,ATL
19434,Desmond Ridder,GB
19435,Jameson Williams,DET
19436,Rachaad White,WAS
19437,George Pickens,DAL
19438,Jalen Wydermyer,IND
19439,Trey McBride,ARZ
19440,David Bell,CLE
19441,Tyler Allgeier,ARZ
19442,Kenny Pickett,CAR
19443,Jerome Ford,WAS
19444,Matt Corral,MIN
19445,Christian Watson,GB
19446,Keaontay Ingram,KC
19447,Dameon Pierce,PHI
19448,Eric Gray,NYG
19449,Sam Howell,DAL
19450,Kyren Williams,LA
19451,Bam Knight,ARZ
19452,Jahan Dotson,ATL
19453,Jalen Tolbert,MIA
19454,John Metchie III,CAR
19455,Romeo Doubs,NE
19456,Justyn Ross,KC
19457,Erik Ezukanma,PHI
19458,Malik Willis,MIA
19459,Carson Strong,ARZ
19460,Wan'Dale Robinson,TEN
19461,Bailey Zappe,NYJ
19462,Khalil Shakir,BUF
19463,Alec Pierce,IND
19464,Isaiah Likely,NYG
19465,Skyy Moore,GB
19466,Kennedy Brooks,PHI
19467,James Cook III,BUF
19468,Brian Robinson,ATL
19469,Zach Charbonnet,SEA
19470,Jerrion Ealy,KC
19471,Ty Chandler,NO
19472,Tyler Goodson,ATL
19473,Tyler Badie,DEN
19474,Samori Toure,PHI
19475,Abram Smith,MIN
19476,Jake Ferguson,DAL
19477,Greg Dulcich,MIA
19479,Pierre Strong Jr.,GB
19480,Calvin Austin III,NYG
19481,Kevin Harris,JAX
19482,Charlie Kolar,LAC
19483,Hassan Haskins,NE
19484,Jelani Woods,NYJ
19486,Isiah Pacheco,DET
19487,Makai Polk,ATL
19488,ZaQuandre White,MIA
19489,Devon Allen,PHI
19491,Tyquan Thornton,KC
19493,Danny Gray,PHI
19538,Velus Jones Jr.,SEA
19578,Jeremy Ruckert,NYJ
19587,Tyrion Davis-Price,GB
19607,Cade York,NYJ
19625,Daniel Bellinger,TEN
19632,Cade Otton,TB
19633,Chig Okonkwo,WAS
19642,John FitzPatrick,GB
19654,Trestan Ebner,CHI
19663,Michael Woods II,DEN
19675,Montrell Washington,HOU
19680,James Mitchell,CAR
19686,Teagan Quitoriano,ARZ
19689,Drew Ogletree,IND
19693,Snoop Conner,DAL
19710,Brittain Brown,CHI
19714,Skylar Thompson,BAL
19715,Jalen Nailor,LV
19717,Nick Muse,ATL
19731,Grant Calcaterra,PHI
19733,Connor Heyward,LV
19734,Chris Oladokun,KC
19735,Dareke Young,LV
19736,Bo Melton,GB
19742,Brock Purdy,SF
19746,Ko Kieft,TB
19749,Kyle Philips,LV
19753,Cole Turner,MIA
19754,Zander Horvath,MIA
19755,Seth Green,NO
19759,Drew Estrada,HOU
19763,Johnny Johnson,HOU
19765,Thomas Hennigan,MIN
19773,Reggie Roberson,TEN
19776,Caleb Shudak,TEN
19781,Devon Williams,BAL
19782,Anthony Brown,BUF
19786,Ricky Person,SEA
19788,Trevon Clark,BAL
19789,Slade Bolden,ATL
19792,Emeka Emezie,ATL
19800,Charleston Rambo,PHI
19803,John Lovett,PIT
19806,Derek Wright,CAR
19808,Josh Babicz,GB
19809,Ra'Shaun Henry,SEA
19810,Andrew Parchment,CAR
19811,Davis Cheek,CAR
19812,Talolo Limi-Jones,CAR
19815,Kevin Marks,LAC
19816,Erik Krommenhoek,LAC
19818,James McCourt,LV
19819,Stone Smartt,PHI
19821,Brandon Peters,LAC
19823,Trevon Bradford,LAC
19826,Leddie Brown,LAC
19830,Mataeo Durant,PIT
19833,Jaylen Warren,PIT
19837,Marcus Santos-Silva,CLE
19838,Danny Davis,GB
19844,BJ Baylor,ATL
19853,Armani Rogers,BUF
19855,Cole Kelley,WAS
19857,Curtis Hodges,CAR
19858,Jequez Ezzard,WAS
19860,Kyric McGowan,MIA
19865,Taysir Mack,SF
19869,Tay Martin,DET
19870,Garrett Walston,SF
19872,Jordan Mason,MIN
19878,Changa Hodge,ARZ
19879,Ronnie Rivers,LA
19881,JaVonta Payton,ARZ
19882,Jontre Kirklin,SF
19883,Stephon Robinson,ARZ
19884,Chris Pierce,CAR
19889,Grayson Gunter,JAX
19890,Gerrit Prince,KC
19891,Kevin Austin Jr.,NO
19898,Lujuan Winningham,JAX
19905,Stanley Berryhill,DET
19907,Tyshaun James,ATL
19914,Jared Bernhardt,ATL
19921,Lucas Krull,DEN
19923,Parker Romo,ATL
19932,Gabe Brkic,GB
19933,Dai'Jean Dixon,NO
19934,Rashid Shaheed,SEA
19936,Julius Chestnut,TEN
19938,E.J. Perry,JAX
19939,Levi Lewis,SEA
19943,John Mitchell,SEA
19945,Demetris Robertson,SEA
19948,Jake Herslow,SEA
19952,Cade Brewer,SEA
19954,Henry Litwin,CHI
19955,Chase Allen,CHI
19959,Kevin Shaa,CHI
19960,Jake Tonges,SF
19961,Cyrus Holder,CHI
19962,Savon Scarver,CHI
19968,Landon Lenoir,CHI
19970,Tayon Fleet-Davis,KC
19975,Dustin Crum,KC
19984,Britain Covey,PHI
19995,De'Montre Tuggle,CHI
19997,Calvin Jackson,MIA
20004,D'Eriq King,CAR
20006,Cameron Dicker,LAC
20007,Bryant Koback,SEA
20009,Shemar Bridges,BAL
20010,Raleigh Webb,TB
20021,Roger Carter,LA
20022,Jamal Pettigrew,LA
20027,Lance McCutcheon,TEN
20031,Kaden Davis,CHI
20033,Tyreik McAllister,LV
20035,Dylan Parham,DEN
20037,Jalen Virgil,BUF
20038,Brandon Johnson,LV
20039,Rodney Williams,PIT
20041,Dre Miller,GB
20047,Austin Allen,GB
20048,Jeremiah Hall,NYG
20053,Josh Bist,CAR
20054,Andrew Mevis,JAX
20056,Malik Williams,BUF
20061,Neil Pau'u,BUF
20063,Jaivon Heiligh,CIN
20064,Justin Rigg,TEN
20067,Kwamie Lassiter,CIN
20070,Kendric Pryor,CIN
20073,Jack Sorenson,CIN
20076,Shermari Jones,CIN
20079,Mike Harley,MIA
20083,Travell Harris,CLE
20088,Isaiah Weston,CLE
20090,Felix Harper,CLE
20091,Zaire Mitchell-Paden,NO
20092,Ty Fryfogle,KC
20093,Dennis Houston,TB
20098,Jaquarii Roberson,LA
20100,Malik Davis,DAL
20104,Peyton Hendershot,KC
20106,Aaron Shampklin,MIA
20108,Dontario Drummond,DAL
20111,Jonathan Garibay,DAL
20114,Josh Johnson,DET
20115,Greg Bell,PIT
20117,Kalil Pimpleton,NYG
20119,Nolan Givan,DET
20120,Corey Sutton,DET
20121,Derrick Deese,DET
20124,Anthony Turner,GB
20125,Troy Hairston,CLE
20131,Jack Coan,IND
20135,Samson Nacua,NO
20136,Kekoa Crawford,KC
20137,Max Borghi,PIT
20142,Michael Young,HOU
20143,D'Vonte Price,IND
20147,Ethan Fernea,IND
20151,Sincere McCormick,SF
20152,Cole Fotheringham,NE
20155,Justin Hall,MIN
20162,Tre Turner,LV
20163,Chase Garbers,LV
20165,Braylon Sanders,WAS
20170,Tanner Conner,NYG
20179,Jashaun Corbin,DAL
20183,Keshunn Abram,NYJ
20184,Irv Charles,SEA
20186,Ben Beise,TB
20187,Deven Thompkins,LV
20188,Jerreth Sterns,LA
20189,Kaylon Geiger,TB
20199,Raheem Blackshear,DET
20202,Jared Scott,IND
20204,Kevin Kassis,SEA
20206,Willie Johnson,JAX
20208,Tucker Fisk,LAC
20211,JJ Howland,TB
20212,Kameron Brown,TB
20215,Naz Bohannon,JAX
20216,Ryan McDaniel,JAX
20218,Keric Wheatfall,PHI
20219,Jared Smart,ARZ
20221,Jarrett Guarantano,DEN
20223,T.J. Pledger,ARZ
20228,Travis Koontz,LV
20230,Nick Sciba,PIT
20231,Tyler Snead,PIT
20238,Brandon Lewis,TEN
20245,Drew Plitt,CIN
20247,KaVontae Turpin,DAL
20251,Maurice Alexander,CHI
20254,Thomas Odukoya,NE
20258,Daylen Baldwin,ARZ
20260,DeAndre Torrey,PHI
20262,Joe Lolich,FA
20264,Missing Link TK,FA
20265,Butt Kicker TK,FA
20266,Josh Ali,ATL
20267,Lucas Havrisik,GB
20270,Clint Ratkovich,ATL
20271,Bijan Robinson,ATL
20272,Jahmyr Gibbs,DET
20273,Jaxon Smith-Njigba,SEA
20274,Jordan Addison,MIN
20275,Zach Evans,NYJ
20276,Quentin Johnston,LAC
20277,Jalin Hyatt,NYG
20278,Blake Corum,LA
20279,Tank Bigsby,PHI
20280,C.J. Stroud,HOU
20281,Bryce Young,CAR
20282,Michael Mayer,LV
20283,Josh Downs,IND
20284,De'Von Achane,MIA
20285,Sean Tucker,TB
20286,Kenny McIntosh,SEA
20287,Rashee Rice,KC
20288,Zay Flowers,BAL
20289,Hendon Hooker,TEN
20290,Cedric Tillman,CLE
20291,Parker Washington,JAX
20292,Chase Brown,CIN
20293,Marvin Mims Jr.,DEN
20294,Anthony Richardson Sr.,IND
20295,Will Levis,TEN
20296,Jaren Hall,SEA
20297,Tanner McKee,PHI
20298,Michael Penix Jr.,ATL
20299,Bo Nix,DEN
20300,Dalton Kincaid,BUF
20301,Darnell Washington,PIT
20302,Arik Gilbert,FA
20303,Luke Musgrave,GB
20304,Kendre Miller,NO
20305,Xavier Hutchinson,HOU
20306,Israel Abanikanda,DAL
20307,Jase McClellan,TB
20308,Chris Rodriguez Jr.,JAX
20309,Jermaine Burton,CIN
20310,Cam Ward,TEN
20311,Jayden Reed,GB
20312,Tucker Kraft,GB
20313,DeWayne McBride,MIN
20314,Dontayvion Wicks,PHI
20315,Ronnie Bell,NO
20316,Mohamed Ibrahim,MIN
20317,Camerun Peoples,CAR
20318,Rakim Jarrett,PIT
20319,Cornelius Johnson,BAL
20320,Xazavian Valladay,MIN
20321,Zakhari Franklin,LV
20322,Jake Haener,NYG
20323,Tank Dell,HOU
20325,Parker White,GB
20326,Kayshon Boutte,HOU
20327,Nathan Rourke,ATL
20328,Deuce Vaughn,HOU
20329,Tyjae Spears,TEN
20330,Tyler Scott,LA
20331,A.T. Perry,PIT
20332,Jonathan Mingo,DAL
20333,Dontay Demus Jr.,FA
20334,Roschon Johnson,CHI
20335,Rome Odunze,CHI
20336,Puka Nacua,LA
20337,Andrei Iosivas,CIN
20338,Alex Quevedo,NO
20339,Sam LaPorta,DET
20340,Michael Wilson,ARZ
20341,DeMario Douglas,NE
20342,Payne Durham,TB
20343,Trey Palmer,NO
20344,Keaton Mitchell,LAC
20346,Elijah Higgins,ARZ
20347,Will Mallory,IND
20348,Bryce Ford-Wheaton,NYG
20349,Zack Kuntz,DAL
20351,Deneric Prince,NE
20352,Evan Hull,ARZ
20353,Luke Schoonmaker,DAL
20354,Tiyon Evans,CAR
20355,Grant DuBose,BUF
20356,C.J. Johnson,SEA
20357,Tre Tucker,LV
20358,Jalen Moreno-Cropper,NO
20359,Jason Brownlee,KC
20425,Brenton Strange,JAX
20453,Cameron Latu,PHI
20455,Jake Moody,WAS
20468,Charlie Jones,CIN
20479,Stetson Bennett IV,LA
20480,Derius Davis,LAC
20481,Aidan O'Connell,LV
20486,Chad Ryland,ARZ
20496,Clayton Tune,HOU
20504,Justin Shorter,LV
20518,Dorian Thompson-Robinson,PHI
20519,Jalen Brooks,ARZ
20526,Antoine Green,DET
20527,Sean Clifford,CIN
20529,Anders Carlson,NYJ
20530,Lew Nichols,PIT
20535,Jared Wayne,HOU
20557,Davis Allen,LA
20566,Scott Matlock,LAC
20567,Max Duggan,LAC
20597,Tanner Morgan,MIN
20603,Brayden Willis,SF
20614,Josh Whyle,GB
20615,Colton Dowell,PIT
20620,Robert Burns,ATL
20623,Adrian Martinez,SF
20628,Malik Cunningham,DET
20629,Blake Grupe,IND
20630,Thayer Thomas,DEN
20634,Jack Podlesny,GB
20637,Malik Knowles,SF
20638,Cephus Johnson,TB
20639,Ben Sims,MIA
20646,Monte Pottebaum,PIT
20647,Jordan Byrd,PIT
20649,B.T. Potter,TB
20655,Kearis Jackson,HOU
20658,Charles McClelland,TEN
20659,Mitch Tinsley,CIN
20661,Kazmeir Allen,WAS
20664,Shaquan Davis,PIT
20670,Sy Barnett,NO
20671,SaRodorick Thompson,LA
20672,Joel Wilson,TEN
20674,Elijah Dotson,ATL
20675,Terrell Bynum,LV
20678,Tyler Hoosman,LAC
20683,Michael Ezeike,SEA
20688,Pokey Wilson,NYJ
20690,Jaray Jenkins,PIT
20693,Oliver Martin,JAX
20696,Elijah Cooks,CAR
20697,Leonard Taylor,JAX
20700,Tyler Hudson,LA
20701,Sam James,LA
20706,Christian Sims,LA
20710,Tanner Brown,NO
20712,Christopher Dunn,LA
20717,Joel Honigford,ARZ
20719,Emari Demercado,KC
20721,Daniel Arias,ARZ
20722,Blake Whiteheart,CLE
20726,Carlos Washington Jr.,MIA
20729,Zay Malone,ATL
20730,Keilahn Harris,PIT
20731,Justin Marshall,SEA
20736,Xavier Smith,LA
20737,Dresser Winn,LA
20739,Malik Flowers,LV
20740,Shae Wyatt,SF
20742,Jack Colletto,PIT
20744,Khalan Laborn,SF
20750,Ronald Awatt,SF
20751,Brycen Tremayne,CAR
20752,Jalen Sample,WAS
20753,Zion Bowens,WAS
20757,Tim DeMorat,WAS
20758,Duece Watts,PIT
20764,Henry Pearson,GB
20765,Malik Heath,ATL
20769,Camren McDonald,LA
20770,Calvin Tyler,CIN
20771,Matt Landers,TEN
20772,John Hall,SEA
20775,Holton Ahlers,SEA
20776,Griffin Hebert,PHI
20779,Marcus Cooper,SEA
20780,Jake Bobo,SEA
20782,Noah Gindorff,PIT
20784,Tyjon Lindsey,SEA
20788,Isaiah Winstead,PIT
20790,Jacob Saylors,DET
20791,Christian Trahan,CIN
20798,Patrick Murtagh,DEN
20806,Andre Szmyt,CLE
20807,Damien Caffrey,CHI
20813,Thyrick Pitts,GB
20814,Tyson Bagent,CHI
20815,Aron Cruickshank,PIT
20817,Mac Hippenhammer,CIN
20818,Shedrick Jackson,LV
20825,Hassan Hall,ARZ
20828,Johnny King,PHI
20829,Zavier Scott,MIN
20830,Darius Hagans,PIT
20836,Cody Chrest,IND
20840,Titus Swen,IND
20845,Tommy DeVito,NE
20849,Ben VanSumeren,BUF
20852,Joseph Ngata,PHI
20855,Jadon Haselwood,PHI
20857,Brady Russell,SEA
20859,Braxton Westfield,IND
20862,Travis Dye,NYJ
20863,E.J. Jenkins,PHI
20865,T.J. Luther,CAR
20866,Xavier Gipson,NYG
20874,Josh Vann,CAR
20899,Ty Scott,SEA
20908,Thomas Greaney,CLE
20910,Keytaon Thompson,DET
20913,Chase Cota,CLE
20919,Chris Smith,SEA
20925,Tyler Adams,IND
20926,Kody Case,IND
20929,Chris Coleman,MIA
20930,Daewood Davis,CAR
20932,Tyrell Shavers,BUF
20933,Jordan Mims,PHI
20934,Jalen Wayne,GB
20938,Julian Hill,NE
20941,James Blackman,MIA
20944,Travis Vokolek,ARZ
20945,Dontay Demus,BAL
20947,Owen Wright,HOU
20948,Brian Walker,BAL
20950,Sean Ryan,BAL
20951,Nolan Henderson,BAL
20954,Chris Brooks,GB
20955,Johnny Lumpkin,GB
20975,Braxton Burmeister,LA
20982,Ronnie Brown,TB
20986,Tanner Taula,TB
20987,Taye Barber,TB
20992,Kade Warner,TB
20996,Ryan Miller,MIA
20997,Isaiah Bowser,BUF
21001,Emanuel Wilson,SEA
21004,Dallas Daniels,DEN
21005,Jaleel McLaughlin,DEN
21011,Nate Adkins,DEN
21012,Taylor Grimes,DEN
21014,Kris Leach,DEN
21020,Jesse Matthews,ATL
21032,John Samuel Shenker,LV
21035,Jacob Copeland,PIT
21037,Tre'Shaun Harrison,TEN
21038,Trey Wolff,TEN
21040,Alfonzo Graham,PIT
21045,Dylan Drummond,ATL
21048,Ellis Merriweather,GB
21053,Gavin Holmes,TEN
21056,Zach Ojile,MIN
21058,Austin Aune,ATL
21062,Bryan Thompson,BUF
21063,Braydon Johnson,BUF
21066,Jordan Murray,CHI
21069,Brian Cobbs,ARZ
21072,Jose Barbon,DAL
21073,David Durden,DAL
21077,Princeton Fant,DAL
21079,Hunter Luepke,DAL
21080,John Stephens,DAL
21088,Lucky Jackson,DET
21089,Jadakis Bonds,GB
21090,Jerome Kapp,NYJ
21091,Cody Chrest,GB
21092,Malachi Carter,CIN
21094,Izaiah Gathings,KC
21096,Garett Maag,MIN
21097,Ed Lee,NE
21099,Matthew Trickett,ATL
21100,Brandon Aubrey,DAL
21103,Milton Wright,LAC
21104,Wayne Taulapapa,SEA
21105,Jake Bates,DET
21106,Toriano Clinton,IND
21107,La'Michael Pettway,NE
21109,Lachlan Pitts,CHI
21110,Avery Davis,DET
21113,Aaron Dykes,MIN
21121,Marvin Harrison Jr.,ARZ
21122,Malik Nabers,NYG
21123,Brock Bowers,LV
21124,Caleb Williams,CHI
21125,Drake Maye,NE
21126,Jayden Daniels,WAS
21127,Troy Franklin,DEN
21128,Xavier Worthy,KC
21129,Adonai Mitchell,NYJ
21130,Keon Coleman,BUF
21131,Brian Thomas Jr.,JAX
21132,Braelon Allen,NYJ
21133,Jonathon Brooks,CAR
21134,Audric Estime,NO
21135,Trey Benson,ARZ
21136,Bucky Irving,TB
21137,Xavier Legette,CAR
21138,Devontez Walker,BAL
21139,Ladd McConkey,LAC
21140,Ja'Lynn Polk,NO
21141,Will Shipley,PHI
21142,Malachi Corley,CLE
21143,Ja'Tavion Sanders,CAR
21144,MarShawn Lloyd,GB
21145,Johnny Wilson,PHI
21146,Ricky Pearsall,SF
21147,Brenden Rice,GB
21148,Roman Wilson,PIT
21149,Donovan Edwards,MIA
21150,J.J. McCarthy,MIN
21151,Ray Davis,BUF
21152,Cade Stover,HOU
21153,Jalen McMillan,TB
21154,Malik Washington,MIA
21155,Jamari Thrash,CLE
21156,Jacob Cowing,SF
21157,Daijun Edwards,PIT
21158,Moose Muhammad,CAR
21159,Dillon Johnson,CAR
21160,Jaylen Wright,MIA
21161,Isaiah Davis,NYJ
21162,Ainias Smith,CAR
21163,Jawhar Jordan,HOU
21164,Ben Sinnott,WAS
21165,Michael Pratt,TB
21166,Frank Gore Jr.,BUF
21167,Rasheen Ali,BAL
21168,Luke McCaffrey,WAS
21169,Kimani Vidal,LAC
21170,De'Corian Clark,FA
21171,Tory Horton,SEA
21172,Drake Stoops,LA
21173,Javon Baker,SF
21175,Dylan Laube,LV
21176,Xavier Weaver,ARZ
21177,Jha'Quan Jackson,TB
21178,Isaac Guerendo,SF
21179,Jaheim Bell,PIT
21180,Cody Schrader,DEN
21181,Theo Johnson,NYG
21182,Blake Watson,TEN
21183,Tyrone Tracy Jr.,NYG
21184,Dallin Holker,NO
21185,Louis Rees-Zammit,JAX
21186,Charlie Smyth,NO
21187,Dante Miller,NYG
21221,Tip Reiman,ARZ
21295,Erick All Jr.,CIN
21297,Sione Vaki,DET
21304,Jared Wiley,KC
21315,AJ Barner,SEA
21324,Tejhaun Palmer,NE
21326,Casey Washington,CAR
21329,Devin Leary,BAL
21343,Tanner McLachlan,SF
21355,Ryan Flournoy,DAL
21357,Devaughn Vele,NO
21376,Anthony Gould,IND
21378,Cam Little,JAX
21380,Keilan Robinson,NYJ
21386,Joshua Karty,ARZ
21389,Jordan Whittington,LA
21398,Tahj Washington,PHI
21404,Will Reichard,MIN
21408,Joe Milton III,DAL
21413,Spencer Rattler,NO
21414,Bub Means,NO
21419,Jordan Travis,NYJ
21434,Devin Culp,TB
21442,Luke Benson,LAC
21443,Zach Heins,LAC
21444,Casey Bauman,LAC
21447,Jaelen Gill,CLE
21458,Jaylen Johnson,LAC
21462,Jeff Foreman,LV
21463,Carter Bradley,JAX
21476,Ramel Keyton,TEN
21477,Tulu Griffin,GB
21480,John Rhys Plumlee,PIT
21484,Jacob Kibodi,CLE
21488,Kyle Sheets,KC
21492,Mason Tipton,NO
21495,Jermaine Jackson,NO
21502,Ahmarean Brown,BUF
21505,Trey Knox,MIN
21506,Ty James,MIN
21513,Jeshaun Jones,MIN
21515,Devron Harper,MIN
21521,Tanner Mordecai,SF
21522,Terique Owens,SF
21523,Austin Reed,BAL
21527,Mike DiLiello,TEN
21528,Nathaniel Peat,DAL
21532,JaQuae Jackson,LAC
21533,Isaiah Wooden,CLE
21536,Colson Yankoff,WAS
21541,Michael Wiley,TB
21542,Emory Jones,ATL
21548,Tayvion Robinson,CAR
21550,DeAngelo Hardy,BAL
21552,Chris Collier,LV
21553,Dayton Wade,BAL
21556,Isaiah Washington,BAL
21560,Xavier Johnson,CIN
21561,Lawrence Keys,DET
21563,Gunnar Watson,BUF
21569,Jack Plummer,CAR
21570,Jalen Coker,CAR
21571,Sam Pinckney,CAR
21574,Emani Bailey,CAR
21589,Brayden Narveson,TEN
21592,Sam Schnee,TEN
21596,Jordan Terrell,TEN
21598,Bryce Oliver,TEN
21599,Steven Stilianos,DET
21600,Austin Jones,WAS
21601,Sam Hartman,WAS
21602,Marcus Rosemy-Jacksaint,PHI
21607,Jaden Shirden,CAR
21609,Harrison Mevis,LA
21612,Devin Carter,CAR
21615,OJ Hiliare,ATL
21618,Ian Wheeler,BUF
21621,TD Ayo-Durojaiye,KC
21632,D.J. Williams,TB
21634,Kameron Johnson,TB
21635,Zack Annexstad,TB
21642,Noah Cain,CIN
21643,Cam Grandy,CIN
21644,Rocky Lombardi,CIN
21648,Elijah Collins,CIN
21649,Treyton Welch,NO
21650,Aidan Robbins,CLE
21655,Alec Holler,DAL
21656,Cam Johnson,CAR
21660,Corey Crooms,DAL
21662,Brevyn Spann-Ford,DAL
21669,Dylan Leonard,DEN
21671,Lincoln Victor,DEN
21675,Camden Lewis,DEN
21676,Thomas Yassmin,GB
21678,Joshua Cephus,JAX
21679,Geordon Porter,NYG
21681,Jjay Mcafee,NYG
21683,Ayir Asante,NYG
21686,Chris Autman-Bell,NYG
21689,Tyler Harrell,NYJ
21696,McCallan Castles,GB
21701,Talik Keaton,PHI
21702,Kendall Milton,CIN
21704,Garrett Greene,TB
21705,Jack Westover,NE
21706,Chevan Cordeiro,SEA
21707,Hayden Hatten,SEA
21709,George Holani,SEA
21711,Kobe Lewis,SEA
21714,TaMerik Williams,SEA
21716,Mason Pline,KC
21717,Deshaun Fenwick,GB
21721,Jacob Warren,NE
21727,Isaac Rex,LAC
21729,Isaiah Williams,NYJ
21731,James Turner,GB
21736,Jalon Calhoun,DET
21741,Jarveon Howard,BUF
21746,Julian Hicks,SEA
21751,Alex McNulty,GB
21753,Messiah Swinson,GB
21754,British Brooks,HOU
21758,Jaxon Janke,HOU
21760,Kedon Slovis,ARZ
21762,Malcolm Epps,IND
21763,Justin Strong,IND
21764,Xavier White,IND
21765,Jason Bean,IND
21766,Trent Pennix,IND
21769,Carson Steele,PHI
21772,Spencer Sanders,KC
21773,Trey Potts,KC
21775,Zach Mathis,KC
21776,Reggie Brown,KC
21777,Jaaron Hayek,KC
21780,Sam Wiglusz,LA
21781,Neal Johnson,NYJ
21790,Je'Quan Burton,MIA
21796,Gavin Hardison,MIA
21798,Austin Stogner,ATL
21801,John Paddock,ATL
21803,Kevin Foelsch,PIT
21806,Cole Burgess,PIT
21808,Spencer Shrader,IND
21811,Joseph Scates,JAX
21812,Shawn Bowman,ARZ
21813,Jalen Jackson,JAX
21815,Wayne Ruby,JAX
21817,David White,BUF
21818,Brevin Easton,JAX
21820,Lorenzo Lingard,NYG
21835,JJ Laap,LA
21840,Peewee Jarrett,NYJ
21843,Mike Rigerman,BAL
21848,Jelani Baker,BAL
21849,Riley Sharp,BAL
21852,Marcus Riley,NYJ
21853,Lincoln Sefcik,NYJ
21858,Phillip Brooks,KC
21861,Baylor Cupp,ARZ
21863,Taulia Tagovailoa,ARZ
21865,Cole Beck,ATL
21868,Qadir Ismail,CHI
21870,Mason Fairchild,NO
21877,RJ Mobley,CHI
21878,Jacob Sirmon,CLE
21881,John Matocha,DEN
21882,Dimitri Stanley,GB
21883,Colby Suits,NYJ
21885,Andrew Peasley,NYJ
21889,Michael Herzog,DET
21890,Cade Peterson,DET
21893,Dylan McDuffie,GB
21896,Dakota Caton,IND
21901,Kaylon Horton,IND
21903,Joshua Lingenfelter,JAX
21907,Daniel George,KC
21908,Noah Rauschenberg,KC
21909,Mathieu Severance,KC
21912,La'Damian Webb,MIA
21914,Samson Evans,MIA
21918,Beau Corrales,NE
21929,Treyton Pickering,NYG
21933,William Thompson,NYG
21935,Markese Stepp,NYJ
21941,Dakereon Joyner,SEA
21948,Alex Larson,SEA
21954,Anthony Grant,TB
21956,Jeremy Moussa,TB
21962,Latreal Jones,TB
21963,Aeneas Dennis,PIT
21965,Xavier Wade,PIT
21966,Easton Dean,TEN
21968,Treveyon Pratt,TEN
21972,Jabari Small,DET
21973,David Martin-Robinson,TEN
21974,Vincent Blanchard,NE
21976,Praise Olatoke,CAR
21977,Peter LeBlanc,CHI
21978,Brenden Bates,CLE
21989,Jude McAtamney,NYG
21990,John Jiles,NE
21991,Tre Mosley,CIN
21996,Hayden Rucci,SF
21998,Jadon Janke,GB
21999,Tanner Knue,TB
22002,John Jackson,CHI
22003,Caleb Chapman,TB
22006,Ramon Jefferson,TB
22007,Valentino Ambrosio,TB
22008,Colton Theaker,TB
22012,Michael Hiers,TB
22014,Terrell Jennings,NE
22017,Hamze El-Zayat,NYJ
22023,David Wallis,NE
22026,Derek Slywka,IND
22033,Rory Starkey,GB
22034,Nikko Remigio,KC
22036,Ben Bryant,NYJ
22037,Kairee Robinson,SEA
22038,Geor'Quarius Spivey,KC
22041,Alex Hale,GB
22045,Devon Garrison,SEA
22055,Ashton Jeanty,LV
22056,Shedeur Sanders,CLE
22057,Joe Smith,FA
22058,Travis Hunter,JAX
22059,Tetairoa McMillan,CAR
22060,Luther Burden III,CHI
22061,Isaiah Bond,CLE
22062,Quinshon Judkins,CLE
22063,Emeka Egbuka,TB
22064,Jalen Milroe,SEA
22065,Nic Anderson,FA
22066,Kaden Prather,GB
22067,Tyler Warren,IND
22068,Evan Stewart,FA
22069,Omarion Hampton,LAC
22070,Quinn Ewers,JAX
22071,Ollie Gordon II,MIA
22072,TreVeyon Henderson,NE
22073,Savion Williams,GB
22074,Tre' Harris,LAC
22075,Colston Loveland,CHI
22077,Cam Skattebo,NYG
22078,Deion Burks,IND
22079,Jayden Ott,FA
22081,Arian Smith,NYJ
22082,Jack Velling,ATL
22083,Damien Martinez,GB
22084,Riley Leonard,IND
22085,Matthew Golden,GB
22086,Mitchell Evans,CAR
22087,Jaxson Dart,NYG
22089,Ontaria Wilson,NYJ
22090,LeQuint Allen Jr.,JAX
22091,Elic Ayomanor,TEN
22092,Jaydon Blue,DAL
22094,Trevor Etienne,CAR
22095,Harold Fannin Jr.,CLE
22096,DJ Giddens,IND
22097,Jordan James,SF
22098,Kaleb Johnson,PIT
22099,Dylan Sampson,CLE
22100,Thomas Fidone II,NYG
22101,Oronde Gadsden,LAC
22102,Tristan Michaud,FA
22103,Xavier Restrepo,TEN
22104,Devin Neal,NO
22105,Ajou Ajou,IND
22106,Bhayshul Tuten,JAX
22107,Jalen Royals,KC
22108,Tez Johnson,TB
22109,Woody Marks,HOU
22110,Brant Kuithe,FA
22111,RJ Harvey,DEN
22112,Jack Bech,LV
22113,Ricky White III,SEA
22114,Jayden Higgins,HOU
22115,Pat Bryant,DEN
22116,Jaylin Noel,HOU
22117,Brashard Smith,KC
22118,Kalel Mullings,TEN
22119,Kyle Monangai,CHI
22120,Mason Taylor,NYJ
22121,Elijah Arroyo,SEA
22122,Ja'Corey Brooks,WAS
22123,Gunnar Helm,TEN
22124,Jarquez Hunter,MIA
22126,Dont'e Thornton Jr.,LV
22127,Luke Lachey,GB
22128,Kyle Williams,NE
22129,Lenny Krieg,GB
22130,Jacory Croskey-Merritt,WAS
22131,Jordan Petaia,LAC
22133,Colin Granger,CAR
22134,Isaac TeSlaa,DET
22182,Dillon Gabriel,CLE
22206,Terrance Ferguson,LA
22214,Tai Felton,MIN
22220,Tyler Shough,NO
22267,Jordan Watkins,SF
22269,Chimere Dike,TEN
22272,Jaylin Lane,WAS
22279,Tyler Loop,BAL
22283,LaJohntay Wester,BAL
22287,Jackson Hawes,BUF
22291,Jimmy Horn Jr.,CAR
22292,JP Richardson,CHI
22299,Jonathan Kim,CHI
22300,Tahj Brooks,CIN
22305,Phil Mafah,DAL
22310,Caleb Lohner,DEN
22314,Dominic Lovett,DET
22320,Graham Mertz,HOU
22334,Konata Mumpfield,LA
22336,KeAndre Lambert-Smith,LAC
22340,Cam Miller,MIA
22343,Tommy Mellott,NO
22352,Gavin Bartholomew,MIN
22356,Andy Borregales,NE
22358,Moliki Matavao,NO
22368,Kyle McCord,GB
22376,Will Howard,PIT
22383,Robbie Ouzts,SEA
22385,Kurtis Rourke,SF
22388,Junior Bergen,NYJ
22398,Kelly Akharaiyi,ARZ
22400,Stephen Gosnell,BUF
22401,Hal Presley,TEN
22402,Keleki Latu,BUF
22408,Rashod Owens,CIN
22410,Jordan Moore,CIN
22412,Payton Thorne,CIN
22413,Jamoi Mayes,CIN
22418,Joaquin Davis,PIT
22420,Jerjuan Newton,DEN
22426,Courtney Jackson,TEN
22427,DJ Uiagalelei,LAC
22429,Max Brosmer,MIN
22431,Connor Bazelak,TB
22432,Anthony Landphere,TB
22433,Josh Williams,TB
22434,Will Sheppard,GB
22437,Bryson Green,ARZ
22438,Oscar Cardenas,ARZ
22439,Ahmani Marshall,CLE
22442,Ryan Coe,TB
22449,Luke Grimm,LAC
22454,Landon Parker,IND
22455,Coleman Owen,IND
22457,Maddux Trujillo,BUF
22460,Tyler Kahmann,IND
22461,Ulysses Bentley IV,IND
22462,Blayne Taylor,IND
22466,Jake Briningstool,KC
22469,Mac Dalena,BUF
22470,Elijhah Badger,KC
22471,Elijah Young,BUF
22479,Jimmy Bell,LAC
22481,Stevo Klotz,LAC
22484,Josh Kelly,HOU
22485,Traeshon Holden,DAL
22486,Tyler Neville,DAL
22487,Rivaldo Fairweather,ARZ
22488,Raheim Sanders,CLE
22505,Nate Noel,IND
22506,Theo Wease Jr.,MIA
22510,Andrew Armstrong,KC
22513,AJ Henning,MIA
22516,Jalin Conyers,MIA
22518,Monaray Baldwin,MIA
22519,Montrell Johnson,CAR
22522,Silas Bolden,HOU
22532,Joshua Simon,ATL
22535,Quincy Skinner Jr.,NYJ
22536,Nathan Carter,ATL
22538,Nick Nash,WAS
22540,Seth Henigan,IND
22543,Patrick Herbert,JAX
22546,Dalen Cambre,NYG
22547,Beaux Collins,ATL
22549,Jordan Bly,NYG
22550,Da'Quan Felton,NYJ
22551,Nate McCollum,ARZ
22555,Chandler Brayboy,JAX
22556,John Copenhaver,JAX
22557,Eli Pancol,IND
22561,Ja'Quinden Jackson,PHI
22563,J.J. Jones,JAX
22564,Cam Camper,NYJ
22569,Quentin Skinner,BUF
22573,Ryan Fitzgerald,CAR
22576,Ethan Garbers,CAR
22577,Jacolby George,CAR
22578,Kye Robichaux,DET
22579,Caden Prieskorn,CAR
22581,Jakobie Keeney-James,PIT
22584,Jackson Meeks,DET
22585,Anthony Tyus III,CAR
22590,Jalen White,GB
22591,Amar Johnson,LAC
22596,Tre Stewart,ARZ
22598,Bryson Nesbit,MIN
22601,Dontae Fleming,MIN
22605,Robert Lewis,MIN
22608,Brady Cook,NYJ
22613,Jamaal Pritchett,NYJ
22615,Bryce Pierre,CAR
22616,Kayron Lynch-Adams,CAR
22620,DeMeer Blankumsee,NE
22623,Lan Larison,NE
22625,Ke'Shawn Williams,CIN
22626,Roc Taylor,CAR
22627,DJ Thomas-Jones,PIT
22629,JJ Galbreath,IND
22634,Sone Ntoh,BAL
22639,Jahmal Banks,BAL
22640,Xavier Guillory,BAL
22645,Mario Williams,LA
22647,Tru Edwards,LA
22649,Anthony Torres,LA
22654,Jordan Waters,LA
22655,Brennan Presley,LA
22657,Mark Redman,LA
22659,Pat Conroy,LV
22666,Hajj-Malik Williams,LV
22673,Efton Chism III,NE
22676,Gee Scott,NYJ
22678,Brock Lampe,SEA
22679,CJ Dippre,NE
22684,Marcus Yarns,NO
22703,Daniel Jackson,HOU
22705,Darius Lassiter,JAX
22706,Dorian Singer,JAX
22707,Ben Wooldridge,NE
22709,Moochie Dixon,NO
22710,Chris Tyree,NO
22711,Ben Sauls,NYG
22712,Marshall Lang,MIN
22716,Jacardia Wright,SEA
22721,Isaiah Neyor,GB
22722,Corey Kiner,NE
22734,Myles Price,MIN
22742,Kobe Hudson,CAR
22746,Jahdae Walker,CHI
22747,Deion Hankins,CHI
22752,Kole Taylor,CIN
22755,Quali Conley,CIN
22758,Eli Wilson,CLE
22759,Gage Larvadain,CLE
22765,Zach Horton,DET
22767,Julian Fleming,GB
22771,Dante Wright,KC
22775,Tre Watson,KC
22776,Qualan Jones,KC
22778,Carter Runyon,LV
22780,Ben Yurosek,MIN
22781,Jeremiah Webb,NE
22783,Redd Douglas,NYG
22785,Juice Wells Jr.,ATL
22788,Rushawn Baker,NE
22789,Jermaine Terry,CLE
22790,Dymere Miller,NYJ
22794,Caden Davis,BUF
22795,Taylor Morin,PHI
22796,ShunDerrick Powell,KC
22805,Micah Bernard,NE
22807,Collin Schlee,WAS
22808,Jacoby Jones,WAS
22809,Darius Cooper,PHI
22810,Nick Kallerup,SEA
22811,Justin Lockhart,KC
22812,Giles Jackson,PHI
22814,Marcus Major,BAL
22817,Sam Pitz,BAL
22818,Kisean Johnson,GB
22820,Reggie Brown,CHI
22822,Max Mang,NYG
22833,Jimmy Holiday,KC
22835,Kinkead Dent,JAX
22839,Ja'seem Reed,CAR
22849,Luke Floriea,CLE
22850,Taylor Elgersma,GB
22851,TJ Sheffield,TEN
22852,Wesley Steiner,SEA
22853,Ketron Jackson,LV
22854,Key'Shawn Smith,KC
22856,John Hoyland,BAL
22858,Kyrese Rowan,DEN
22860,Luke Deal,DET
22862,Dalevon Campbell,LAC
22867,Max Hurleman,PIT
22869,Montorie Foster Jr.,SEA
22871,Drake Dabney,GB
22872,Cade McDonald,CLE
22873,Lucas Scott,BAL
22875,Hunter Dekkers,NO
22881,Brett Gabbert,MIA
22882,Montana Lemonious-Craig,PIT
22884,Sam Brown,GB
22887,Mitch Van Vooren,DAL
22888,Ife Adeyi,PHI
22897,Mark McNamee,GB
22898,Winston Wright,CLE
22900,Toa Taua,CLE
22901,Lawrance Toafili,NYJ
22902,D.K. Kaufman,SEA
22906,Jaden Smith,DAL
22909,Thomas Gordon,DET
22910,Nay'Quan Wright,IND
22911,Gunnar Oakes,DET
22915,Shane Watts,NE
22916,Roderick Daniels,NO
22921,Phil Lutz,NE
22922,Layne Pryor,HOU
22925,Dohnte Meyers,CIN
22928,Fernando Mendoza,LV
22929,Carnell Tate,TEN
22930,Jeremiyah Love,ARZ
22931,Jordyn Tyson,NO
22932,Makai Lemon,PHI
22933,KC Concepcion,CLE
22934,Denzel Boston,CLE
22935,Kenyon Sadiq,NYJ
22936,Ty Simpson,LA
22937,Trinidad Chambliss,FA
22938,Jadarian Price,SEA
22939,Emmett Johnson,KC
22940,Kaytron Allen,WAS
22941,Jonah Coleman,DEN
22942,Eli Stowers,PHI
22943,Nicholas Singleton,TEN
22944,Demond Claiborne,MIN
22945,Seth McGowan,IND
22946,Chris Bell,MIA
22947,Germie Bernard,PIT
22948,Omar Cooper Jr.,NYJ
22949,Elijah Sarratt,BAL
22950,CJ Daniels,LA
22951,Zachariah Branch,ATL
22952,Malachi Fields,NYG
22953,Robert Henry Jr.,WAS
22954,Chris Brazzell II,CAR
22955,Mike Washington Jr.,LV
22956,Antonio Williams,WAS
22957,Skyler Bell,BUF
22958,Max Klare,LA
22959,Ja'Kobi Lane,BAL
22960,Adam Randall,BAL
22961,Carson Towt,IND
22962,Myles Montgomery,NE
22963,Michael Trigg,DAL
22965,Damien Alford,NO
22966,Garrett Nussmeier,KC
22967,Ted Hurst III,TB
22968,Eli Heidenreich,PIT
22969,Bryce Lance,NO
22970,Oscar Delp,NO
23003,Carson Beck,ARZ
23013,Zavion Thomas,CHI
23014,Sam Roush,CHI
23026,Marlin Klein,HOU
23031,Nate Boerkircher,JAX
23042,Will Kacmarek,MIA
23043,Caleb Douglas,MIA
23050,Eli Raridon,NE
23058,Drew Allar,PIT
23064,Kaelon Black,SF
23066,De'Zhaun Stribling,SF
23074,Matt Hibner,BAL
23080,Colbie Young,CIN
23097,Brenen Thompson,LAC
23104,Cade Klubnik,NYJ
23106,Kaden Wetjen,PIT
23111,Reggie Virgil,ARZ
23118,Josh Cuevas,BAL
23133,Jack Endries,CIN
23135,Taylen Green,CLE
23136,Joe Royer,CLE
23137,Carsen Ryan,CLE
23140,Anthony Smith,DAL
23141,Justin Joly,DEN
23142,Dallen Bentley,DEN
23147,Kendrick Law,DET
23151,Trey Smack,GB
23153,Lewis Bond,HOU
23159,Josh Cameron,JAX
23161,CJ Williams,JAX
23162,Tanner Koziol,JAX
23165,Cyrus Allen,KC
23172,Malik Benson,LV
23176,Kevin Coleman Jr.,MIA
23180,Seydou Traore,MIA
23184,Max Bredeson,MIN
23185,Behren Morton,NE
23189,Jam Miller,NE
23192,Barion Brown,NO
23203,Cole Payton,PHI
23207,Riley Nowakowski,PIT
23211,Emmanuel Henderson Jr.,SEA
23216,Bauer Sharp,TB
23219,Jaren Kanak,TEN
23225,Athan Kaliakmanis,WAS
23226,Jack Strand,ATL
23227,Cash Jones,ATL
23228,Miller Moss,CHI
23232,Luke Altmyer,DET
23233,Kyron Drones,GB
23234,J'Mari Taylor,JAX
23235,Jeff Caldwell,KC
23236,Jaydn Ott,KC
23237,Matthew Caldwell,LA
23240,Sawyer Robertson,LV
23242,Le'Veon Moss,MIA
23243,Dae'Quan Wright,CLE
23246,Chandler Morris,TB
23247,Tyren Montgomery,TEN
23249,Haynes King,CAR
23250,Ben Patterson,CLE
23251,Alex Bullock,JAX
23253,Michael Wortham,JAX
23254,Trebor Pena,JAX
23255,Brady Boyd,JAX
23262,Joey Aguilar,JAX
23265,Ethan Conner,MIA
23267,Gregory Desrosiers,LAC
23270,Sincere Brown,LAC
23272,Evan Svoboda,LAC
23275,Devonte Ross,LAC
23281,Jerand Bradley,LAC
23290,Luke Wysong,MIN
23292,Kejon Owens,MIN
23293,Marcus Sanders Jr.,MIN
23295,Dillon Bell,MIN
23298,Shaleak Knotts,MIN
23302,CJ Donaldson,NO
23309,Mason Shipley,NO
23311,Will Pauling,SF
23313,Wesley Grimes,SF
23314,Jalon Daniels,TB
23316,Khalil Dinkins,SF
23321,Marcus Burke,TEN
23322,Harrison Wallace III,ARZ
23324,Trent Battle,ATL
23327,Kaidon Salter,TEN
23332,Chris Hilton Jr.,GB
23335,Vinny Anthony II,ATL
23337,Malik Rutherford,ATL
23340,Diego Pavia,BAL
23344,Ty Pezza,BAL
23345,Luke Drzewiecki,BAL
23349,Joe Fagnano,BAL
23356,Ja'Mori Maclin,BUF
23358,Max Tomczak,BUF
23362,Kobe Prentice,NYG
23364,Gabriel Plascencia,CHI
23366,Hayden Large,CHI
23372,Noah Thomas,CIN
23373,Josh Kattus,CIN
23383,Davon Booth,CLE
23384,Kole Wilson,CLE
23385,TJ Harden,SEA
23389,Aaron Anderson,CLE
23391,Dominic Richardson,NYJ
23392,Camden Brown,DAL
23393,Jordan Hudson,DAL
23396,DJ Rogers,DAL
23401,Joseph Manjack,DEN
23402,Cameron Ross,DEN
23405,Miles Kitselman,DET
23409,J. Michael Sturdivant,GB
23411,Eni Falayi,GB
23412,Isaiah Jacobs,GB
23415,RJ Maryland,GB
23416,Chris Freeman,HOU
23420,Joshua Pitsenberger,HOU
23422,Raylen Sharpe,IND
23430,EJ Smith,KC
23434,Al-Jay Henderson,KC
23436,Terion Stewart,KC
23438,Ken Seals,KC
23440,John Michael Gyllenborg,KC
23442,Jadyn Ott,KC
23443,Chamon Metayer,CAR
23446,Lake McRee,PIT
23447,Jake Retzlaff,SEA
23455,Lance Mason,PIT
23457,Ademola Faleye,TB
23461,Eric Rivers Jr.,TB
23462,Noah Short,TB
23464,Hank Beatty,TEN
23465,Jaden Bradley,WAS
23470,Dan Villari,LA
23472,Rohan Jones,LA
23475,Dean Connors,LA
23478,Chase Roberts,LV
23480,Jacob Clark,LV
23482,Kansei Matsuzawa,LV
23483,E.J. Williams Jr.,LV
23484,Matt Lauter,MIN
23486,Roman Hemby,LV
23488,Mark Gronowski,MIA
23489,Donaven McCulley,MIA
23491,Anthony Hankerson,SEA
23492,Romello Brinson,DAL
23493,Tanner Arkin,NE
23496,Kyle Dixon,NE
23499,Laith Marjan,PIT
23501,Cody Hardy,NO
23502,Mekhi Mews,NO
23503,Kevorian Barnes,NYG
23505,Dominic Zvada,NYG
23506,Malik McClain,NYJ
23508,DT Sheffield,NYJ
23509,Caullin Lacy,NYJ
23511,Will Ferrin,NYJ
23512,Chase Curtis,NYJ
23521,Cortez Braham Jr.,BAL
23523,Dontae McMillan,BAL
23524,Ethan Sanchez,SF
23526,Octavian Smith Jr.,BAL
23528,Desmond Reid,BUF
23530,Coleman Bennett,MIA
23533,Dane Key,DEN
23534,Sean Brown,DEN
23537,Jalen Walthall,NYJ
23539,Daniel Sobkowicz,HOU
23540,Treyvhon Saunders,HOU
23541,Noah Whittington,HOU
23549,Quentin Moore,WAS
23552,Jameson Geers,ARZ
23560,Sam Scott,NYJ
23562,Chip Trayanum,NYJ
23568,DeShawn Hanika,IND
23569,Michael Briscoe,MIN
23570,Levi Wentz,PIT
23578,Corey Rucker,LV
23579,Elijah Tau-Tolliver,BAL
23581,Jaden Nixon,GB
23589,Jacob De Jesus,KC
23590,Omari Evans,KC
23593,Patrick Gurd,LV
23597,Xavier Loyd,KC
23600,Jonathan Brady,LV
23608,Sahmir Hagans,IND
23609,Jordon Vaughn,IND
23610,E.J. Horton,IND
23612,Jackson Acker,BUF
23614,Gabriel Benyard,CAR
23616,Omari Kelly,CHI
23618,Squirrel White,CHI
23620,Kentrel Bullock,CIN
23621,Jamal Haynes,CIN
23624,Lincoln Pare,IND
23630,Brandon Frazier,ATL
23631,Keelan Marion,ATL
23633,Le'Meke Brockington,ATL
23640,Cameron Dorner,NE
23644,Jimmy Kibble,NE
23645,Nick DeGennaro,NE
23646,Damon Bankston,NYG
23653,Kenny Fletcher Jr.,TB
23660,Drew Stevens,WAS
23661,Kolbe Katsis,DEN
23669,Stone Eby,DEN
23671,E.J. Warner,DEN
23672,Paul Geelen,DEN
23681,Trent Howland,DEN
23688,Julius Davis,DEN
23689,Brett Weaver,DEN
23693,Jordan Nubin,DEN
23694,Tommy Thomas,DEN
23698,Rodney Hammond Jr.,DEN
23701,Dean Patterson IV,TB
23702,Kadarius Calloway,TB
23706,Kyron Hudson,CHI
23707,Johnny Pascuzzi,LAC
23708,DJ Herman,MIA
23714,Brock Rechsteiner,NO
23717,Mante Morrow,LAC
23718,Terrill Davis,MIN
23719,Rashad Rochelle,SEA
23720,Trayvon Rudolph,MIN
23721,Anderson Castle,IND
23723,Miles Davis,CAR
23726,Heinrich Haarberg,CAR
23728,Brandon Hayes,PHI
23734,Louis Hansen,HOU
23735,Kyre Duplessis,DEN
23737,Malick Meiga,CAR
23740,Jeremiah Franklin,MIA
23741,Tyler Moore,IND
23742,Liam Clifford,LAC
23743,Roydell Williams,DET
23746,Jeff Weimer,KC
23747,Drew Biber,CLE
23748,Connor Hulstein,NYJ
23750,Grant Finley,NYG
23756,Justin Jones,SEA
23759,Barika Kpeenu,TB
23761,Alex Tecza,PIT
23764,Matthew Henry,TB
23765,Daejon Love,SF
